Name,G,GS,P,C,1B,2B,3B,SS,LF,CF,RF,OF,DH,Name-additional
,,,,,,,,,,,,,,-9999
Cory Abbott,16,9,16,0,0,0,0,0,0,0,0,0,0,abbotco01
CJ Abrams,90,78,0,0,0,13,0,75,0,0,3,3,2,abramcj01
Albert Abreu,33,0,33,0,0,0,0,0,0,0,0,0,0,abreual01
Bryan Abreu,55,0,55,0,0,0,0,0,0,0,0,0,0,abreubr01
José Abreu,157,157,0,0,128,0,0,0,0,0,0,0,29,abreujo02
Domingo Acevedo,70,0,70,0,0,0,0,0,0,0,0,0,0,acevedo01
Ronald Acuna Jr.,119,115,0,0,0,0,0,0,0,1,92,92,27,acunaro01
Jason Adam,67,0,67,0,0,0,0,0,0,0,0,0,0,adamja01
Willy Adames,139,138,0,0,0,0,0,136,0,0,0,0,2,adamewi01
Austin Adams,2,0,2,0,0,0,0,0,0,0,0,0,0,adamsau02
Riley Adams,48,43,0,44,1,0,0,0,0,0,0,0,2,adamsri03
Jo Adell,88,71,0,0,0,0,0,0,69,0,15,84,1,adelljo01
Joan Adon,14,14,14,0,0,0,0,0,0,0,0,0,0,adonjo01
Ehire Adrianza,37,26,1,0,0,8,19,3,9,0,0,9,1,adriaeh01
Jesús Aguilar,129,118,0,0,63,0,4,0,0,0,0,0,60,aguilje01
Ryan Aguilar,7,6,0,0,1,0,0,0,2,1,5,7,0,aguilry01
Nick Ahmed,17,15,0,0,0,0,0,16,0,0,0,0,1,ahmedni01
Keegan Akin,45,1,45,0,0,0,0,0,0,0,0,0,0,akinke01
Hanser Alberto,73,38,10,0,3,37,20,5,0,0,1,1,5,alberha01
Ozzie Albies,64,63,0,0,0,64,0,0,0,0,0,0,0,albieoz01
Jorge Alcala,2,0,2,0,0,0,0,0,0,0,0,0,0,alcaljo01
Sandy Alcantara,32,32,32,0,0,0,0,0,0,0,0,0,0,alcansa01
Sergio Alcántara,93,57,0,0,0,25,41,28,0,0,0,0,5,alcanse01
Jason Alexander,18,11,18,0,0,0,0,0,0,0,0,0,0,alexaja01
Scott Alexander,17,4,17,0,0,0,0,0,0,0,0,0,0,alexasc02
Tyler Alexander,27,17,27,0,0,0,0,0,0,0,0,0,0,alexaty01
A.J. Alexy,4,0,4,0,0,0,0,0,0,0,0,0,0,alexyaj01
Jorge Alfaro,82,68,0,65,0,0,0,0,0,0,0,0,11,alfarjo01
Anthony Alford,2,1,0,0,0,0,0,0,1,1,1,2,0,alforan01
Kolby Allard,10,0,10,0,0,0,0,0,0,0,0,0,0,allarko01
Cam Alldred,1,0,1,0,0,0,0,0,0,0,0,0,0,alldrca01
Austin Allen,5,5,0,4,0,0,0,0,0,0,0,0,1,allenau01
Greg Allen,46,33,0,0,0,0,0,0,23,11,13,43,1,allengr01
Logan Allen,7,0,7,0,0,0,0,0,0,0,0,0,0,allenlo01
Nick Allen,100,92,0,0,0,43,0,60,0,0,0,0,0,allenni02
Abraham Almonte,15,7,0,0,0,0,0,0,3,5,1,9,2,almonab01
Yency Almonte,33,0,33,0,0,0,0,0,0,0,0,0,0,almonye01
Albert Almora,64,60,0,0,0,0,0,0,17,23,28,62,1,almoral01
Pete Alonso,160,160,0,0,134,0,0,0,0,0,0,0,27,alonspe01
Jose Altuve,141,137,0,0,0,136,0,0,0,0,0,0,2,altuvjo01
José Alvarado,59,0,59,0,0,0,0,0,0,0,0,0,0,alvarjo03
Eddy Alvarez,14,9,0,0,0,0,5,1,1,0,5,6,2,alvared01
Francisco Alvarez,5,2,0,2,0,0,0,0,0,0,0,0,3,alvarfr01
Jose Alvarez,21,0,21,0,0,0,0,0,0,0,0,0,0,alvarjo02
R.J. Alvarez,1,0,1,0,0,0,0,0,0,0,0,0,0,alvarrj01
Yordan Alvarez,135,133,0,0,0,0,0,0,56,0,0,56,77,alvaryo01
Adbert Alzolay,6,0,6,0,0,0,0,0,0,0,0,0,0,alzolad01
Brian Anderson,98,92,0,0,0,1,48,0,8,0,36,44,9,anderbr06
Chase Anderson,9,7,9,0,0,0,0,0,0,0,0,0,0,anderch01
Ian Anderson,22,22,22,0,0,0,0,0,0,0,0,0,0,anderia01
Shaun Anderson,1,0,1,0,0,0,0,0,0,0,0,0,0,andersh01
Tim Anderson,79,79,0,0,0,0,0,79,0,0,0,0,0,anderti01
Tyler Anderson,31,28,30,0,0,0,0,0,0,0,0,0,0,anderty01
Elvis Andrus,149,143,0,0,0,0,0,143,0,0,0,0,4,andruel01
Miguel Andujar,36,33,0,0,1,0,0,0,23,0,0,23,13,andujmi01
Mark Appel,6,0,6,0,0,0,0,0,0,0,0,0,0,appelma01
Aristides Aquino,80,70,0,0,0,0,0,0,7,2,69,78,1,aquinar01
Jonathan Aranda,32,21,0,0,11,13,6,0,1,0,0,1,2,arandjo01
Víctor Arano,43,0,43,0,0,0,0,0,0,0,0,0,0,aranovi01
Jonathan Araúz,15,12,0,0,0,4,6,4,0,0,0,0,0,arauzjo01
Chris Archer,25,25,25,0,0,0,0,0,0,0,0,0,0,archech01
Orlando Arcia,68,60,1,0,0,50,4,1,6,0,0,6,7,arciaor01
Nolan Arenado,148,147,0,0,0,0,131,0,0,0,0,0,17,arenano01
Gabriel Arias,16,14,0,0,1,3,9,3,0,0,0,0,0,ariasga01
Kohei Arihara,5,4,5,0,0,0,0,0,0,0,0,0,0,arihako01
Shawn Armstrong,50,2,50,0,0,0,0,0,0,0,0,0,0,armstsh01
Randy Arozarena,153,150,0,0,0,0,0,0,104,0,26,126,27,arozara01
Luis Arraez,144,129,0,0,65,41,7,0,0,0,0,0,38,arraelu01
Christian Arroyo,87,76,0,0,9,40,10,14,0,0,17,17,5,arroych01
Aaron Ashby,27,19,27,0,0,0,0,0,0,0,0,0,0,ashbyaa01
Graham Ashcraft,19,19,19,0,0,0,0,0,0,0,0,0,0,ashcrgr01
Javier Assad,9,8,9,0,0,0,0,0,0,0,0,0,0,assadja01
Willians Astudillo,21,12,2,0,3,8,10,0,0,0,0,0,1,astudwi01
Pedro Avila,2,0,2,0,0,0,0,0,0,0,0,0,0,avilape01
José Azocar,98,54,0,0,0,0,0,0,21,35,49,92,4,azocajo01
Akil Baddoo,73,63,0,0,0,0,0,0,50,16,0,65,2,baddoak01
Harrison Bader,86,77,0,0,0,0,0,0,0,85,0,85,0,baderha01
Ji Hwan Bae,10,9,0,0,0,4,0,0,1,5,0,6,0,baeji01
Javier Báez,144,142,0,0,0,0,0,133,0,0,0,0,10,baezja01
Michel Báez,2,0,2,0,0,0,0,0,0,0,0,0,0,baezmi01
Pedro Báez,3,0,3,0,0,0,0,0,0,0,0,0,0,baezpe01
Bryan Baker,66,2,66,0,0,0,0,0,0,0,0,0,0,bakerbr01
Anthony Banda,32,1,32,0,0,0,0,0,0,0,0,0,0,bandaan01
Tanner Banks,35,0,35,0,0,0,0,0,0,0,0,0,0,banksta01
Rylan Bannon,5,4,0,0,0,1,3,0,0,0,0,0,1,bannory01
Manny Banuelos,35,0,35,0,0,0,0,0,0,0,0,0,0,banuema01
Daniel Bard,57,0,57,0,0,0,0,0,0,0,0,0,0,bardda01
Luke Bard,9,0,9,0,0,0,0,0,0,0,0,0,0,bardlu01
Luke Barker,3,0,3,0,0,0,0,0,0,0,0,0,0,barkelu01
Joe Barlow,35,0,35,0,0,0,0,0,0,0,0,0,0,barlojo01
Scott Barlow,69,0,69,0,0,0,0,0,0,0,0,0,0,barlosc01
Austin Barnes,62,55,0,55,0,1,0,0,0,0,0,0,6,barneau01
Jacob Barnes,23,0,23,0,0,0,0,0,0,0,0,0,0,barneja01
Matt Barnes,44,0,44,0,0,0,0,0,0,0,0,0,0,barnema01
Tucker Barnhart,94,90,1,92,0,0,1,0,0,0,0,0,0,barnhtu01
Kyle Barraclough,8,0,8,0,0,0,0,0,0,0,0,0,0,barraky01
Luis Barrera,32,22,0,0,0,0,0,0,16,1,16,28,0,barrelu01
Tres Barrera,19,18,0,19,0,0,0,0,0,0,0,0,0,barretr01
Jose Barrero,48,46,0,0,0,0,0,48,0,0,0,0,0,garcijo02
Jaime Barria,35,1,35,0,0,0,0,0,0,0,0,0,0,barrija01
Joey Bart,97,83,0,93,0,0,0,0,0,0,0,0,3,bartjo01
Anthony Bass,74,0,73,0,0,0,0,0,0,0,0,0,1,bassan01
Chris Bassitt,30,30,30,0,0,0,0,0,0,0,0,0,0,bassich01
Matthew Batten,15,5,2,0,0,5,7,0,1,0,0,1,2,battema01
Brett Baty,11,11,0,0,0,0,11,0,0,0,0,0,0,batybr01
Mike Baumann,13,4,13,0,0,0,0,0,0,0,0,0,0,baumami01
Félix Bautista,65,0,65,0,0,0,0,0,0,0,0,0,0,bautife01
Shane Baz,6,6,6,0,0,0,0,0,0,0,0,0,0,bazsh01
Eduard Bazardo,12,0,12,0,0,0,0,0,0,0,0,0,0,bazared01
Jeremy Beasley,9,0,9,0,0,0,0,0,0,0,0,0,0,beaslje01
Matt Beaty,20,13,0,0,3,0,0,0,2,0,10,12,3,beatyma01
Tim Beckham,12,5,0,0,2,0,0,0,4,0,0,4,3,beckhti01
David Bednar,45,0,45,0,0,0,0,0,0,0,0,0,0,bednada01
Tyler Beede,31,5,31,0,0,0,0,0,0,0,0,0,0,beedety01
Jalen Beeks,42,7,42,0,0,0,0,0,0,0,0,0,0,beeksja02
Seth Beer,38,33,0,0,5,0,0,0,0,0,0,0,28,beerse01
Josh Bell,156,151,0,0,124,0,0,0,0,0,0,0,32,belljo02
Andrew Bellatti,59,1,59,0,0,0,0,0,0,0,0,0,0,bellaan01
Cody Bellinger,144,135,0,0,0,0,0,0,0,144,0,144,0,bellico01
Brayan Bello,13,11,13,0,0,0,0,0,0,0,0,0,0,bellobr01
Brandon Belt,78,67,0,0,63,0,0,0,0,0,0,0,12,beltbr01
Anthony Bemboom,22,15,0,21,0,0,0,0,0,0,0,0,0,bemboan01
Anthony Bender,22,0,22,0,0,0,0,0,0,0,0,0,0,bendean01
Andrew Benintendi,126,120,0,0,0,0,0,0,124,0,0,124,1,beninan01
Will Benson,28,15,0,0,0,0,0,0,4,10,6,20,2,bensowi01
Wynton Bernard,12,10,0,0,0,0,0,0,1,10,1,11,1,bernawy01
Brennan Bernardino,2,0,2,0,0,0,0,0,0,0,0,0,0,bernabr01
José Berríos,32,32,32,0,0,0,0,0,0,0,0,0,0,berrijo01
Jon Berti,102,92,0,0,0,47,37,10,16,3,0,19,3,bertijo01
Christian Bethancourt,101,84,4,49,37,0,1,0,0,0,0,0,11,bethach01
Mookie Betts,142,138,0,0,0,7,0,0,0,0,136,136,1,bettsmo01
Bo Bichette,159,158,0,0,0,0,0,157,0,0,0,0,1,bichebo01
Phil Bickford,60,0,60,0,0,0,0,0,0,0,0,0,0,bickfph01
Shane Bieber,31,31,31,0,0,0,0,0,0,0,0,0,0,biebesh01
Brandon Bielak,5,0,5,0,0,0,0,0,0,0,0,0,0,bielabr01
Cavan Biggio,97,77,0,0,33,49,1,0,2,0,7,9,3,biggica01
Jake Bird,38,0,38,0,0,0,0,0,0,0,0,0,0,birdja01
Ty Blach,24,1,24,0,0,0,0,0,0,0,0,0,0,blachty01
Paul Blackburn,21,21,21,0,0,0,0,0,0,0,0,0,0,blackpa01
Charlie Blackmon,135,128,0,0,0,0,0,0,0,0,51,51,80,blackch02
Dairon Blanco,5,2,0,0,0,0,0,0,0,3,0,3,1,blancda02
Ronel Blanco,7,0,7,0,0,0,0,0,0,0,0,0,0,blancro01
Travis Blankenhorn,1,1,0,0,0,0,0,0,0,0,0,0,1,blanktr01
JJ Bleday,65,56,0,0,0,0,0,0,22,38,4,64,0,bledajj01
Richard Bleier,55,1,55,0,0,0,0,0,0,0,0,0,0,bleieri01
Xander Bogaerts,150,148,0,0,0,0,0,146,0,0,0,0,4,bogaexa01
Alec Bohm,152,146,0,0,10,0,135,0,0,0,0,0,9,bohmal01
Ronald Bolaños,8,0,8,0,0,0,0,0,0,0,0,0,0,bolanro01
Skye Bolt,42,30,0,0,0,0,0,0,2,36,5,41,0,boltsk01
Ryan Borucki,32,0,32,0,0,0,0,0,0,0,0,0,0,borucry01
David Bote,41,35,0,0,6,18,16,0,0,0,0,0,1,boteda01
Sean Bouchard,27,25,0,0,0,0,0,0,26,0,0,26,0,bouchse01
Brad Boxberger,70,0,70,0,0,0,0,0,0,0,0,0,0,boxbebr01
Matthew Boyd,10,0,10,0,0,0,0,0,0,0,0,0,0,boydma01
Silvino Bracho,3,0,3,0,0,0,0,0,0,0,0,0,0,brachsi01
Kyle Bradish,23,23,23,0,0,0,0,0,0,0,0,0,0,bradiky01
Archie Bradley,21,0,21,0,0,0,0,0,0,0,0,0,0,bradlar01
Bobby Bradley,8,5,0,0,7,0,0,0,0,0,0,0,0,bradlbo01
Jackie Bradley Jr.,132,98,1,0,0,0,0,0,0,55,91,131,0,bradlja02
Michael Brantley,64,64,0,0,0,0,0,0,29,0,0,29,35,brantmi02
Rob Brantly,1,1,0,1,0,0,0,0,0,0,0,0,0,brantro01
Matt Brash,39,5,39,0,0,0,0,0,0,0,0,0,0,brashma01
Ryan Brasier,68,0,68,0,0,0,0,0,0,0,0,0,0,brasiry01
Steven Brault,9,0,9,0,0,0,0,0,0,0,0,0,0,braulst01
Huascar Brazoban,27,0,27,0,0,0,0,0,0,0,0,0,0,brazohu01
John Brebbia,76,11,76,0,0,0,0,0,0,0,0,0,0,brebbjo01
Alex Bregman,155,153,0,0,0,0,154,0,0,0,0,0,0,bregmal01
Will Brennan,11,10,0,0,0,0,0,0,5,1,4,10,1,brennwi02
Jake Brentz,8,0,8,0,0,0,0,0,0,0,0,0,0,brentja01
Austin Brice,4,0,4,0,0,0,0,0,0,0,0,0,0,briceau01
Jonah Bride,58,46,0,0,5,32,21,0,0,0,0,0,2,bridejo01
Beau Brieske,15,15,15,0,0,0,0,0,0,0,0,0,0,briesbe01
Jeff Brigham,16,0,16,0,0,0,0,0,0,0,0,0,0,brighje01
Lewis Brinson,16,9,0,0,0,0,0,0,1,15,0,16,0,brinsle01
Zack Britton,3,0,3,0,0,0,0,0,0,0,0,0,0,brittza01
Connor Brogdon,47,0,47,0,0,0,0,0,0,0,0,0,0,brogdco01
Aaron Brooks,5,0,5,0,0,0,0,0,0,0,0,0,0,brookaa01
Mike Brosseau,70,44,3,0,3,0,55,4,0,0,0,0,1,brossmi01
Hunter Brown,7,2,7,0,0,0,0,0,0,0,0,0,0,brownhu01
Seth Brown,150,132,0,0,84,0,0,0,38,17,32,77,2,brownse01
JT Brubaker,28,28,28,0,0,0,0,0,0,0,0,0,0,brubajt01
Justin Bruihl,24,0,24,0,0,0,0,0,0,0,0,0,0,bruihju01
Vidal Bruján,52,40,0,0,0,31,1,5,1,1,19,21,1,brujavi01
Kris Bryant,42,42,0,0,0,0,0,0,30,0,0,30,12,bryankr01
Kris Bubic,28,27,28,0,0,0,0,0,0,0,0,0,0,bubickr01
Walker Buehler,12,12,12,0,0,0,0,0,0,0,0,0,0,buehlwa01
Madison Bumgarner,30,30,30,0,0,0,0,0,0,0,0,0,0,bumgama01
Aaron Bummer,32,0,32,0,0,0,0,0,0,0,0,0,0,bummeaa01
Dylan Bundy,29,29,29,0,0,0,0,0,0,0,0,0,0,bundydy01
Peyton Burdick,32,28,0,0,0,0,0,0,14,13,4,31,0,burdipe01
Jake Burger,51,44,0,0,0,3,37,0,0,0,0,0,9,burgeja01
Brock Burke,52,0,52,0,0,0,0,0,0,0,0,0,0,burkebr01
Alec Burleson,16,14,0,0,6,0,0,0,2,0,9,11,3,burleal01
Corbin Burnes,33,33,33,0,0,0,0,0,0,0,0,0,0,burneco01
Ryan Burr,8,0,8,0,0,0,0,0,0,0,0,0,0,burrry01
Matt Bush,65,6,65,0,0,0,0,0,0,0,0,0,0,bushma01
José Butto,1,1,1,0,0,0,0,0,0,0,0,0,0,buttojo01
Byron Buxton,92,86,0,0,0,0,0,0,0,58,0,58,35,buxtoby01
Edward Cabrera,14,14,14,0,0,0,0,0,0,0,0,0,0,cabreed02
Génesis Cabrera,39,0,39,0,0,0,0,0,0,0,0,0,0,cabrege01
Miguel Cabrera,112,109,0,0,0,0,0,0,0,0,0,0,109,cabremi01
Oswaldo Cabrera,44,41,0,0,3,3,3,4,9,0,27,34,0,cabreos01
Lorenzo Cain,43,40,0,0,0,0,0,0,0,42,0,42,0,cainlo01
Kole Calhoun,125,100,0,0,0,0,0,0,29,1,75,101,20,calhoko01
Willie Calhoun,22,17,0,0,0,0,0,0,5,0,0,5,16,calhowi01
Alex Call,47,29,0,0,0,0,0,0,28,6,8,42,3,callal02
Johan Camargo,52,38,0,0,5,9,13,26,0,0,0,0,2,camarjo01
Daz Cameron,21,19,0,0,0,0,0,0,0,7,14,20,0,camerda01
Luis Campusano,16,12,0,10,0,0,0,0,0,0,0,0,5,campulu01
Jeimer Candelario,124,119,0,0,0,0,117,0,0,0,0,0,8,candeje01
Mark Canha,140,124,0,0,1,0,1,0,123,11,6,132,3,canhama01
Robinson Canó,33,27,0,0,0,20,0,0,0,0,0,0,8,canoro01
Yennier Cano,13,0,13,0,0,0,0,0,0,0,0,0,0,canoye01
Conner Capel,22,17,0,0,0,0,0,0,2,0,18,20,2,capelco01
Vinny Capra,8,2,0,0,0,1,0,0,1,0,1,2,2,capravi01
Victor Caratini,96,75,1,90,2,0,0,0,0,0,0,0,1,caratvi01
Dylan Carlson,128,110,0,0,0,0,0,0,0,73,62,124,2,carlsdy01
Drew Carlton,5,0,5,0,0,0,0,0,0,0,0,0,0,carltdr01
Kerry Carpenter,31,28,0,0,0,0,0,0,12,0,8,19,12,carpeke01
Matt Carpenter,47,35,0,0,5,0,2,0,3,0,12,15,16,carpema01
Carlos Carrasco,29,29,29,0,0,0,0,0,0,0,0,0,0,carraca01
Corbin Carroll,32,26,0,0,0,0,0,0,25,5,2,29,2,carroco02
Curt Casali,57,50,0,54,3,0,0,0,0,0,0,0,1,casalcu01
Triston Casas,27,22,0,0,27,0,0,0,0,0,0,0,0,casastr01
Daniel Castano,10,7,10,0,0,0,0,0,0,0,0,0,0,castada01
Ryan Castellani,3,0,3,0,0,0,0,0,0,0,0,0,0,castery01
Humberto Castellanos,11,9,11,0,0,0,0,0,0,0,0,0,0,castehu01
Nick Castellanos,136,134,0,0,0,0,0,0,3,0,121,123,12,casteni01
Diego Castillo,59,0,59,0,0,0,0,0,0,0,0,0,0,castidi01
Diego Castillo,96,71,2,0,7,28,4,32,0,0,22,22,2,castidi02
José Castillo,1,0,1,0,0,0,0,0,0,0,0,0,0,castijo03
Luis Castillo,25,25,25,0,0,0,0,0,0,0,0,0,0,castilu02
Luis Castillo,3,0,3,0,0,0,0,0,0,0,0,0,0,castilu03
Max Castillo,14,6,14,0,0,0,0,0,0,0,0,0,0,castima03
Anthony Castro,12,0,12,0,0,0,0,0,0,0,0,0,0,castran02
Harold Castro,120,107,4,0,50,14,25,19,3,1,0,4,9,castrha01
Jason Castro,34,22,0,30,0,0,0,0,0,0,0,0,0,castrja01
Kervin Castro,10,0,10,0,0,0,0,0,0,0,0,0,0,castrke01
Miguel Castro,34,0,34,0,0,0,0,0,0,0,0,0,0,castrmi01
Rodolfo Castro,71,68,0,0,0,32,24,19,0,0,0,0,2,castrro01
Willi Castro,112,94,0,0,0,16,6,16,27,16,40,80,5,castrwi01
Cade Cavalli,1,1,1,0,0,0,0,0,0,0,0,0,0,cavalca01
Jake Cave,54,43,0,0,0,0,0,0,45,4,10,51,0,caveja01
Dylan Cease,32,32,32,0,0,0,0,0,0,0,0,0,0,ceasedy01
Gilberto Celestino,122,87,0,0,0,0,0,0,28,90,8,119,0,celesgi01
Luis Cessa,46,10,46,0,0,0,0,0,0,0,0,0,0,cessalu01
Jhoulys Chacín,35,0,35,0,0,0,0,0,0,0,0,0,0,chacijh01
Andrew Chafin,64,0,64,0,0,0,0,0,0,0,0,0,0,chafian01
Yu Chang,69,49,2,0,9,43,7,16,0,0,0,0,3,changyu01
Aroldis Chapman,43,0,43,0,0,0,0,0,0,0,0,0,0,chapmar01
Matt Chapman,155,152,0,0,0,0,153,0,0,0,0,0,1,chapmma01
JT Chargois,21,3,21,0,0,0,0,0,0,0,0,0,0,chargjt01
Jesse Chavez,60,1,60,0,0,0,0,0,0,0,0,0,0,chaveje01
Michael Chavis,129,97,0,0,107,14,9,0,0,0,0,0,6,chavimi01
Robinson Chirinos,67,63,0,66,0,0,0,0,0,0,0,0,0,chiriro01
Yonny Chirinos,2,1,2,0,0,0,0,0,0,0,0,0,0,chiriyo01
Jazz Chisholm Jr.,60,56,0,0,0,60,0,0,0,0,0,0,0,chishja01
Ji Man Choi,113,102,0,0,98,0,0,0,0,0,0,0,12,choiji01
Adam Cimber,77,0,77,0,0,0,0,0,0,0,0,0,0,cimbead01
Steve Cishek,69,0,69,0,0,0,0,0,0,0,0,0,0,cishest01
José Cisnero,28,0,28,0,0,0,0,0,0,0,0,0,0,cisnejo01
Aaron Civale,20,20,20,0,0,0,0,0,0,0,0,0,0,civalaa01
Taylor Clarke,47,0,47,0,0,0,0,0,0,0,0,0,0,clarkta01
Emmanuel Clase,77,0,77,0,0,0,0,0,0,0,0,0,0,claseem01
Alex Claudio,3,0,3,0,0,0,0,0,0,0,0,0,0,claudal01
Sam Clay,7,0,7,0,0,0,0,0,0,0,0,0,0,claysa01
Garrett Cleavinger,17,0,17,0,0,0,0,0,0,0,0,0,0,cleavga01
Kody Clemens,57,31,7,0,13,9,17,0,9,0,0,9,7,clemeko01
Ernie Clement,70,40,2,0,5,15,30,1,12,0,0,12,6,clemeer01
Mike Clevinger,23,22,23,0,0,0,0,0,0,0,0,0,0,clevimi01
Tyler Clippard,4,0,4,0,0,0,0,0,0,0,0,0,0,clippty01
Alex Cobb,28,28,28,0,0,0,0,0,0,0,0,0,0,cobbal01
Gerrit Cole,33,33,33,0,0,0,0,0,0,0,0,0,0,colege01
Dylan Coleman,68,0,68,0,0,0,0,0,0,0,0,0,0,colemdy01
Zack Collins,36,27,0,13,9,0,0,0,0,0,0,0,13,colliza01
Alex Colomé,53,0,53,0,0,0,0,0,0,0,0,0,0,colomal01
Mark Contreras,28,15,0,0,0,0,0,0,3,13,9,24,0,contrma01
Roansy Contreras,21,18,21,0,0,0,0,0,0,0,0,0,0,contrro01
William Contreras,97,89,0,60,0,0,0,0,1,0,0,1,34,contrwi02
Willson Contreras,113,111,0,72,0,0,0,0,0,0,0,0,39,contrwi01
Sam Coonrod,12,0,12,0,0,0,0,0,0,0,0,0,0,coonrsa01
Garrett Cooper,119,112,0,0,59,0,0,0,0,0,0,0,56,coopega03
Patrick Corbin,31,31,31,0,0,0,0,0,0,0,0,0,0,corbipa01
Franchy Cordero,84,70,0,0,53,0,0,0,12,2,26,39,4,cordefr02
Carlos Correa,136,133,0,0,0,0,0,132,0,0,0,0,4,correca01
Nestor Cortes,28,28,28,0,0,0,0,0,0,0,0,0,0,cortene01
Jharel Cotton,30,0,30,0,0,0,0,0,0,0,0,0,0,cottojh01
Danny Coulombe,10,0,10,0,0,0,0,0,0,0,0,0,0,couloda01
Jake Cousins,12,0,12,0,0,0,0,0,0,0,0,0,0,cousija01
Brandon Crawford,118,113,0,0,0,0,0,116,0,0,0,0,0,crawfbr01
J.P. Crawford,145,143,0,0,0,0,0,144,0,0,0,0,0,crawfjp01
Kutter Crawford,21,12,21,0,0,0,0,0,0,0,0,0,0,crawfku01
Kyle Crick,14,0,14,0,0,0,0,0,0,0,0,0,0,crickky01
Nabil Crismatt,50,0,50,0,0,0,0,0,0,0,0,0,0,crismna01
Cooper Criswell,1,1,1,0,0,0,0,0,0,0,0,0,0,criswco01
C.J. Cron,150,148,0,0,121,0,0,0,0,0,0,0,28,croncj01
Jake Cronenworth,158,155,0,0,20,147,0,9,0,0,0,0,2,croneja01
Narciso Crook,4,2,0,0,0,0,0,0,0,1,2,3,0,crookna01
Wil Crowe,60,1,60,0,0,0,0,0,0,0,0,0,0,crowewi01
Fernando Cruz,14,2,14,0,0,0,0,0,0,0,0,0,0,cruzfe01
Jesus Cruz,7,0,7,0,0,0,0,0,0,0,0,0,0,cruzje01
Nelson Cruz,124,122,0,0,0,0,0,0,0,0,0,0,123,cruzne02
Oneil Cruz,87,85,0,0,0,0,0,79,1,0,0,1,8,cruzon01
Jose Cuas,47,0,47,0,0,0,0,0,0,0,0,0,0,cuasjo01
Johnny Cueto,25,24,25,0,0,0,0,0,0,0,0,0,0,cuetojo01
Charlie Culberson,70,40,2,0,1,11,25,1,12,0,0,12,11,culbech01
Xzavion Curry,2,2,2,0,0,0,0,0,0,0,0,0,0,curryxz01
Tyler Cyr,12,0,12,0,0,0,0,0,0,0,0,0,0,cyrty01
Travis d'Arnaud,107,104,0,99,0,0,0,0,0,0,0,0,6,darnatr01
Bobby Dalbec,117,80,0,0,89,2,24,1,0,0,0,0,3,dalbebo01
Tyler Danish,32,0,32,0,0,0,0,0,0,0,0,0,0,danisty01
Yu Darvish,30,30,30,0,0,0,0,0,0,0,0,0,0,darviyu01
Matt Davidson,13,10,0,0,1,0,9,0,0,0,0,0,2,davidma02
Tucker Davidson,12,11,12,0,0,0,0,0,0,0,0,0,0,davidtu01
Zach Davies,27,27,27,0,0,0,0,0,0,0,0,0,0,davieza02
Austin Davis,52,3,52,0,0,0,0,0,0,0,0,0,0,davisau01
Brendon Davis,3,3,0,0,0,0,1,0,0,0,2,2,0,davisbr04
J.D. Davis,115,82,0,0,18,0,30,0,2,0,0,2,59,davisjd01
Jaylin Davis,12,6,0,0,0,0,0,0,1,4,3,8,0,davisja03
Jonathan Davis,37,26,0,0,0,0,0,0,0,34,0,34,0,davisjo05
Noah Davis,1,0,1,0,0,0,0,0,0,0,0,0,0,davisno01
Ronnie Dawson,1,1,0,0,0,0,0,0,0,0,0,0,1,dawsoro01
Yonathan Daza,113,94,0,0,0,0,0,0,27,92,1,112,0,dazayo01
Angel De Jesus,8,0,8,0,0,0,0,0,0,0,0,0,0,dejesan01
Chase De Jong,42,0,42,0,0,0,0,0,0,0,0,0,0,dejonch01
Bryan De La Cruz,115,87,0,0,0,0,0,0,39,42,41,106,7,delacbr01
Enyel De Los Santos,50,0,50,0,0,0,0,0,0,0,0,0,0,delosen01
Yerry De Los Santos,26,0,26,0,0,0,0,0,0,0,0,0,0,delosye01
Austin Dean,3,2,0,0,0,0,0,0,3,0,1,3,0,deanau01
Jacob deGrom,11,11,11,0,0,0,0,0,0,0,0,0,0,degroja01
Paul DeJong,77,58,0,0,0,1,0,75,0,0,0,0,1,dejonpa01
Jason Delay,57,49,0,57,0,0,0,0,0,0,0,0,0,delayja01
Ben DeLuzio,22,4,0,0,0,0,0,0,0,18,0,18,2,deluzbe01
Travis Demeritte,26,25,0,0,0,0,0,0,6,0,20,26,0,demertr01
Matt Dermody,1,0,1,0,0,0,0,0,0,0,0,0,0,dermoma01
Anthony DeSclafani,5,5,5,0,0,0,0,0,0,0,0,0,0,desclan01
Reid Detmers,25,25,25,0,0,0,0,0,0,0,0,0,0,detmere01
Ross Detwiler,30,0,30,0,0,0,0,0,0,0,0,0,0,detwiro01
Chris Devenski,13,0,13,0,0,0,0,0,0,0,0,0,0,devench02
Rafael Devers,141,140,0,0,0,0,138,0,0,0,0,0,3,deverra01
Aledmys Díaz,92,76,0,0,6,22,10,18,28,0,1,29,7,diazal02
Alexis Díaz,59,0,59,0,0,0,0,0,0,0,0,0,0,diazal03
Edwin Díaz,61,0,61,0,0,0,0,0,0,0,0,0,0,diazed04
Elias Díaz,105,94,0,104,0,0,0,0,0,0,0,0,0,diazel01
Jhonathan Diaz,4,3,4,0,0,0,0,0,0,0,0,0,0,diazjh01
Jordan Diaz,15,14,0,0,1,12,0,0,0,0,0,0,2,diazjo03
Lewin Díaz,58,48,0,0,56,0,0,0,0,0,0,0,2,diazle01
Miguel Díaz,3,0,3,0,0,0,0,0,0,0,0,0,0,diazmi02
Yainer Diaz,6,2,0,2,0,0,0,0,0,0,0,0,3,diazya02
Yandy Díaz,137,126,0,0,17,0,102,0,0,0,0,0,14,diazya01
Yusniel Diaz,1,0,0,0,0,0,0,0,0,0,1,1,0,diazyu01
Alex Dickerson,13,10,0,0,0,0,0,0,0,0,1,1,10,dickeal01
Corey Dickerson,97,73,1,0,0,0,0,0,60,0,10,67,20,dickeco01
Phillip Diehl,5,0,5,0,0,0,0,0,0,0,0,0,0,diehlph01
Jake Diekman,70,0,70,0,0,0,0,0,0,0,0,0,0,diekmja01
Wilmer Difo,3,2,0,0,0,1,0,2,0,0,0,0,0,difowi01
Marcos Diplán,5,0,5,0,0,0,0,0,0,0,0,0,0,diplama01
Brandon Dixon,5,4,0,0,0,0,2,0,0,0,1,1,3,dixonbr01
Seranthony Domínguez,54,0,54,0,0,0,0,0,0,0,0,0,0,dominse01
Josh Donaldson,132,125,0,0,0,0,104,0,0,0,0,0,24,donaljo02
Brendan Donovan,126,108,0,0,16,38,31,7,19,0,20,37,16,donovbr01
Sean Doolittle,6,0,6,0,0,0,0,0,0,0,0,0,0,doolise01
Camilo Doval,68,0,68,0,0,0,0,0,0,0,0,0,0,dovalca01
Kyle Dowdy,2,0,2,0,0,0,0,0,0,0,0,0,0,dowdyky01
Jeter Downs,14,10,0,0,0,8,6,3,0,0,0,0,1,downsje01
Hunter Dozier,129,121,1,0,42,0,27,0,9,0,35,40,25,doziehu01
Brandon Drury,138,131,0,0,30,27,67,2,0,0,1,1,26,drurybr01
Daniel Duarte,3,0,3,0,0,0,0,0,0,0,0,0,0,duartda01
Mauricio Dubón,104,59,0,0,0,17,3,21,9,59,3,67,1,dubonma01
Tyler Duffey,40,0,40,0,0,0,0,0,0,0,0,0,0,duffety01
Matt Duffy,77,58,0,0,21,17,42,0,0,0,0,0,0,duffyma01
Steven Duggar,29,20,0,0,0,0,0,0,14,18,0,28,0,duggast01
Robert Dugger,4,1,4,0,0,0,0,0,0,0,0,0,0,duggero01
Joe Dunand,3,2,0,0,0,2,1,0,0,0,0,0,0,dunanjo01
Justin Dunn,7,7,7,0,0,0,0,0,0,0,0,0,0,dunnju01
Dane Dunning,29,29,29,0,0,0,0,0,0,0,0,0,0,dunnida01
Ezequiel Duran,58,55,0,0,0,9,51,0,0,0,0,0,1,duranez01
Jarren Duran,58,54,0,0,0,0,0,0,0,51,7,56,1,duranja01
Jhoan Duran,57,0,57,0,0,0,0,0,0,0,0,0,0,duranjh01
Nick Duron,1,0,1,0,0,0,0,0,0,0,0,0,0,duronni01
Adam Duvall,86,80,0,0,0,0,0,0,35,44,11,86,0,duvalad01
Nate Eaton,44,33,0,0,0,0,15,0,6,5,20,30,0,eatonna01
Tommy Edman,153,142,0,0,0,89,8,80,0,1,2,3,0,edmanto01
Carl Edwards Jr.,57,0,57,0,0,0,0,0,0,0,0,0,0,edwarca01
Scott Effross,60,1,60,0,0,0,0,0,0,0,0,0,0,effrosc01
Zach Eflin,20,13,20,0,0,0,0,0,0,0,0,0,0,eflinza01
Jerad Eickhoff,1,1,1,0,0,0,0,0,0,0,0,0,0,eickhje01
Bryce Elder,10,9,10,0,0,0,0,0,0,0,0,0,0,elderbr01
Roenis Elías,7,0,7,0,0,0,0,0,0,0,0,0,0,eliasro01
Chris Ellis,2,2,2,0,0,0,0,0,0,0,0,0,0,ellisch01
Drew Ellis,7,6,0,0,0,0,7,0,0,0,0,0,0,ellisdr01
Jerar Encarnación,23,21,0,0,0,0,0,0,10,0,10,20,2,encarje01
Adam Engel,119,60,0,0,0,0,0,0,3,57,55,113,3,engelad01
Nathan Eovaldi,20,20,20,0,0,0,0,0,0,0,0,0,0,eovalna01
Robbie Erlin,2,0,2,0,0,0,0,0,0,0,0,0,0,erlinro01
Alcides Escobar,42,36,2,0,0,2,0,37,0,0,0,0,0,escobal02
Eduardo Escobar,136,130,0,0,0,2,130,0,0,0,0,0,6,escobed01
Raynel Espinal,2,0,2,0,0,0,0,0,0,0,0,0,0,espinra01
Santiago Espinal,135,119,0,0,0,120,11,11,0,0,0,0,0,espinsa01
Paolo Espino,42,19,42,0,0,0,0,0,0,0,0,0,0,espinpa01
Anderson Espinoza,7,0,7,0,0,0,0,0,0,0,0,0,0,espinan01
Carlos Estévez,62,0,62,0,0,0,0,0,0,0,0,0,0,estevca01
Jeremiah Estrada,5,0,5,0,0,0,0,0,0,0,0,0,0,estraje01
Thairo Estrada,140,129,0,0,0,102,3,37,18,1,0,19,0,estrath01
Alex Faedo,12,12,12,0,0,0,0,0,0,0,0,0,0,faedoal01
Pete Fairbanks,24,0,24,0,0,0,0,0,0,0,0,0,0,fairbpe01
Stuart Fairchild,46,29,0,0,0,0,0,0,22,20,4,41,0,faircst01
Bailey Falter,20,16,20,0,0,0,0,0,0,0,0,0,0,falteba01
Jeurys Familia,48,0,48,0,0,0,0,0,0,0,0,0,0,familje01
Buck Farmer,44,0,44,0,0,0,0,0,0,0,0,0,0,farmebu01
Kyle Farmer,145,142,0,0,2,0,36,98,0,0,0,0,10,farmeky01
Luke Farrell,6,2,6,0,0,0,0,0,0,0,0,0,0,farrelu01
Calvin Faucher,22,0,22,0,0,0,0,0,0,0,0,0,0,fauchca01
Erick Fedde,27,27,27,0,0,0,0,0,0,0,0,0,0,feddeer01
Mario Feliciano,2,2,0,2,0,0,0,0,0,0,0,0,0,felicma01
Michael Feliz,1,0,1,0,0,0,0,0,0,0,0,0,0,felizmi01
Ryan Feltner,20,19,20,0,0,0,0,0,0,0,0,0,0,feltnry01
Caleb Ferguson,37,1,37,0,0,0,0,0,0,0,0,0,0,ferguca01
Freddy Fermin,3,2,0,3,0,0,0,0,0,0,0,0,0,fermifr01
Junior Fernández,16,0,16,0,0,0,0,0,0,0,0,0,0,fernaju01
Matt Festa,53,0,53,0,0,0,0,0,0,0,0,0,0,festama01
J.P. Feyereisen,22,2,22,0,0,0,0,0,0,0,0,0,0,feyerjo01
Kyle Finnegan,66,0,66,0,0,0,0,0,0,0,0,0,0,finneky01
Nate Fisher,1,0,1,0,0,0,0,0,0,0,0,0,0,fishena01
Jake Fishman,7,0,7,0,0,0,0,0,0,0,0,0,0,fishmja01
Jack Flaherty,9,8,9,0,0,0,0,0,0,0,0,0,0,flaheja01
Josh Fleming,10,3,10,0,0,0,0,0,0,0,0,0,0,flemijo01
Aaron Fletcher,9,0,9,0,0,0,0,0,0,0,0,0,0,fletcaa01
David Fletcher,61,54,0,0,0,45,0,36,0,0,0,0,0,fletcda02
Chris Flexen,33,22,33,0,0,0,0,0,0,0,0,0,0,flexech01
Wilmer Flores,151,132,0,0,45,61,34,0,0,0,0,0,26,florewi01
Estevan Florial,17,9,0,0,0,0,0,0,2,14,0,15,2,flories01
Dylan Floro,56,0,56,0,0,0,0,0,0,0,0,0,0,florody01
Jason Foley,60,0,60,0,0,0,0,0,0,0,0,0,0,foleyja01
Mike Ford,50,37,1,0,29,0,0,0,0,0,0,0,12,fordmi01
Nick Fortes,72,59,0,59,1,0,0,0,0,0,0,0,13,forteni01
Matt Foster,48,0,48,0,0,0,0,0,0,0,0,0,0,fostema01
Lucius Fox,10,7,0,0,0,0,4,6,0,0,0,0,0,foxlu01
Jake Fraley,68,56,0,0,0,0,0,0,29,7,16,51,14,fraleja01
Ty France,140,138,0,0,127,1,6,0,0,0,0,0,8,francty01
Bowden Francis,1,0,1,0,0,0,0,0,0,0,0,0,0,francbo01
Maikel Franco,103,98,0,0,4,0,99,0,0,0,0,0,3,francma02
Wander Franco,83,80,0,0,0,0,0,73,0,0,0,0,10,francwa01
Adam Frazier,156,140,0,0,0,124,0,4,16,2,21,38,8,fraziad01
Clint Frazier,19,10,0,0,0,0,0,0,5,0,2,7,8,frazicl01
Kyle Freeland,31,31,31,0,0,0,0,0,0,0,0,0,0,freelky01
Freddie Freeman,159,159,0,0,159,0,0,0,0,0,0,0,0,freemfr01
Tyler Freeman,24,21,0,0,0,4,11,7,0,0,0,0,1,freemty01
Luis Frías,15,0,15,0,0,0,0,0,0,0,0,0,0,friaslu01
Max Fried,30,30,30,0,0,0,0,0,0,0,0,0,0,friedma01
TJ Friedl,72,58,0,0,0,0,0,0,25,24,15,61,6,friedtj01
Paul Fry,13,0,13,0,0,0,0,0,0,0,0,0,0,frypa01
Michael Fulmer,67,0,67,0,0,0,0,0,0,0,0,0,0,fulmemi01
Hunter Gaddis,2,2,2,0,0,0,0,0,0,0,0,0,0,gaddihu01
Matt Gage,11,0,11,0,0,0,0,0,0,0,0,0,0,gagema01
Cam Gallagher,18,14,0,18,0,0,0,0,0,0,0,0,0,gallaca01
Giovanny Gallegos,57,0,57,0,0,0,0,0,0,0,0,0,0,gallegi01
Zac Gallen,31,31,31,0,0,0,0,0,0,0,0,0,0,galleza01
Joey Gallo,126,103,0,0,1,0,0,0,77,1,48,118,5,gallojo01
Ben Gamel,115,103,0,0,5,0,0,0,57,1,39,86,21,gamelbe01
Adolis García,156,154,0,0,0,0,0,0,0,57,93,134,21,garciad02
Aramis Garcia,47,35,0,41,5,0,0,0,0,0,0,0,2,garciar01
Avisaíl García,98,94,0,0,0,0,0,0,0,0,86,86,11,garciav01
Bryan Garcia,4,4,4,0,0,0,0,0,0,0,0,0,0,garcibr01
Dérmis Garcia,39,31,0,0,35,0,0,0,1,0,0,1,2,garcide02
Jarlín García,58,0,58,0,0,0,0,0,0,0,0,0,0,garcija04
Leury Garcia,97,76,0,0,0,47,6,19,9,4,15,23,5,garcile02
Luis García,64,0,64,0,0,0,0,0,0,0,0,0,0,garcilu03
Luis García,93,91,0,0,0,33,0,59,0,0,0,0,0,garcilu04
Luis Garcia,28,28,28,0,0,0,0,0,0,0,0,0,0,garcilu05
Maikel Garcia,9,6,0,0,0,0,0,8,0,0,0,0,0,garcima01
Rico Garcia,6,0,6,0,0,0,0,0,0,0,0,0,0,garciri01
Rony García,16,8,16,0,0,0,0,0,0,0,0,0,0,garciro03
Yimi García,61,0,61,0,0,0,0,0,0,0,0,0,0,garciyi01
Kyle Garlick,66,37,0,0,0,0,0,0,27,0,23,49,8,garliky01
Dustin Garneau,8,4,0,7,0,0,0,0,0,0,0,0,0,garnedu01
Amir Garrett,60,0,60,0,0,0,0,0,0,0,0,0,0,garream01
Braxton Garrett,17,17,17,0,0,0,0,0,0,0,0,0,0,garrebr01
Reed Garrett,7,0,7,0,0,0,0,0,0,0,0,0,0,garrere01
Stone Garrett,27,21,0,0,0,0,0,0,13,0,0,13,9,garrest01
Mitch Garver,54,49,0,14,0,0,0,0,0,0,0,0,36,garvemi01
Ralph Garza,19,0,19,0,0,0,0,0,0,0,0,0,0,garzara01
Kevin Gausman,31,31,31,0,0,0,0,0,0,0,0,0,0,gausmke01
Domingo Germán,15,14,15,0,0,0,0,0,0,0,0,0,0,germado01
Frank German,5,0,5,0,0,0,0,0,0,0,0,0,0,germafr02
Ian Gibaut,34,0,34,0,0,0,0,0,0,0,0,0,0,gibauia01
Kyle Gibson,31,31,31,0,0,0,0,0,0,0,0,0,0,gibsoky01
Luis Gil,1,1,1,0,0,0,0,0,0,0,0,0,0,gillu01
Logan Gilbert,32,32,32,0,0,0,0,0,0,0,0,0,0,gilbelo01
Tyler Gilbert,8,7,8,0,0,0,0,0,0,0,0,0,0,gilbety01
Lucas Gilbreath,47,0,47,0,0,0,0,0,0,0,0,0,0,gilbrlu01
Ken Giles,5,0,5,0,0,0,0,0,0,0,0,0,0,gileske01
Logan Gillaspie,17,0,17,0,0,0,0,0,0,0,0,0,0,gillalo01
Andrés Giménez,146,134,0,0,0,125,0,18,0,0,0,0,0,gimenan01
Kevin Ginkel,30,0,30,0,0,0,0,0,0,0,0,0,0,ginkeke01
Lucas Giolito,30,30,30,0,0,0,0,0,0,0,0,0,0,giolilu01
Mychal Givens,59,1,59,0,0,0,0,0,0,0,0,0,0,givenmy01
Tyler Glasnow,2,2,2,0,0,0,0,0,0,0,0,0,0,glasnty01
José Godoy,10,7,0,10,0,0,0,0,0,0,0,0,0,godoyjo01
Paul Goldschmidt,151,150,0,0,128,0,0,0,0,0,0,0,23,goldspa01
Austin Gomber,33,17,33,0,0,0,0,0,0,0,0,0,0,gombeau01
Yan Gomes,86,75,0,69,0,0,0,0,0,0,0,0,9,gomesya01
Tony Gonsolin,24,24,24,0,0,0,0,0,0,0,0,0,0,gonsoto01
Marco Gonzales,32,32,32,0,0,0,0,0,0,0,0,0,0,gonzama02
Chi Chi González,7,5,7,0,0,0,0,0,0,0,0,0,0,gonzach01
Erik González,16,9,0,0,1,2,7,8,0,0,0,0,0,gonzaer01
Luis González,98,89,5,0,0,0,0,0,52,6,69,92,3,gonzalu03
Marwin Gonzalez,86,54,1,0,14,3,12,20,16,0,20,36,2,gonzama01
Oscar Gonzalez,91,89,0,0,0,0,0,0,0,0,84,84,7,gonzaos01
Romy Gonzalez,32,28,0,0,0,25,0,3,1,0,2,3,0,gonzaro01
Niko Goodrum,15,11,0,0,4,10,0,0,0,0,0,0,1,goodrni01
Nick Gordon,138,113,4,0,0,36,1,17,62,38,0,95,2,gordoni01
MacKenzie Gore,16,13,16,0,0,0,0,0,0,0,0,0,0,gorema01
Terrance Gore,10,1,0,0,0,0,0,0,3,3,0,6,2,gorete01
Nolan Gorman,89,73,0,0,0,68,0,0,1,0,0,1,18,gormano01
Anthony Gose,22,0,22,0,0,0,0,0,0,0,0,0,0,gosean01
Phil Gosselin,34,21,1,0,3,10,17,0,0,0,1,1,1,gosseph01
Trevor Gott,45,0,45,0,0,0,0,0,0,0,0,0,0,gotttr01
Ashton Goudeau,12,0,12,0,0,0,0,0,0,0,0,0,0,goudeas01
Yasmani Grandal,99,92,0,71,5,0,0,0,0,0,0,0,25,grandya01
Brusdar Graterol,46,1,46,0,0,0,0,0,0,0,0,0,0,gratebr01
Kendall Graveman,65,0,65,0,0,0,0,0,0,0,0,0,0,graveke01
Jon Gray,24,24,24,0,0,0,0,0,0,0,0,0,0,grayjo02
Josiah Gray,28,28,28,0,0,0,0,0,0,0,0,0,0,grayjo03
Sonny Gray,24,24,24,0,0,0,0,0,0,0,0,0,0,grayso01
Chad Green,14,0,14,0,0,0,0,0,0,0,0,0,0,greench03
Hunter Greene,24,24,24,0,0,0,0,0,0,0,0,0,0,greenhu01
Riley Greene,93,93,0,0,0,0,0,0,0,93,0,93,0,greenri03
Shane Greene,2,0,2,0,0,0,0,0,0,0,0,0,0,greensh02
Didi Gregorius,63,58,0,0,0,0,0,61,0,0,0,0,0,gregodi01
Grayson Greiner,2,2,0,2,0,0,0,0,0,0,0,0,0,greingr01
Zack Greinke,26,26,26,0,0,0,0,0,0,0,0,0,0,greinza01
Randal Grichuk,141,129,1,0,0,0,0,0,0,52,106,137,1,grichra01
Foster Griffin,6,0,6,0,0,0,0,0,0,0,0,0,0,grifffo01
Justin Grimm,15,0,15,0,0,0,0,0,0,0,0,0,0,grimmju01
Trent Grisham,152,124,0,0,0,0,0,0,0,148,0,148,0,grishtr01
Vaughn Grissom,41,39,0,0,0,40,0,2,0,0,0,0,0,grissva01
Jordan Groshans,17,17,0,0,0,0,17,0,0,0,0,0,0,groshjo01
Robbie Grossman,129,117,0,0,0,0,0,0,69,0,59,124,3,grossro01
Michael Grove,7,6,7,0,0,0,0,0,0,0,0,0,0,grovemi01
Robert Gsellman,8,0,8,0,0,0,0,0,0,0,0,0,0,gsellro01
Javy Guerra,18,0,18,0,0,0,0,0,0,0,0,0,0,guerrja02
Vladimir Guerrero Jr.,160,158,0,0,128,0,1,0,0,0,0,0,32,guerrvl02
Luis Guillorme,102,83,0,0,0,67,22,15,0,0,0,0,3,guilllu01
Lourdes Gurriel Jr.,121,119,0,0,8,0,0,0,105,0,0,105,13,gurrilo01
Yuli Gurriel,146,141,0,0,142,0,0,0,0,0,0,0,3,gourryu01
Jandel Gustave,27,0,27,0,0,0,0,0,0,0,0,0,0,gustaja01
Dalton Guthrie,14,6,0,0,0,1,1,0,0,0,12,12,0,guthrda01
Kelvin Gutiérrez,12,8,0,0,0,0,10,0,0,0,0,0,1,gutieke01
Vladimir Gutierrez,10,8,10,0,0,0,0,0,0,0,0,0,0,gutievl01
Ronald Guzmán,3,1,0,0,3,0,0,0,0,0,0,0,0,guzmaro01
Eric Haase,110,80,0,84,0,0,0,0,11,0,0,11,13,haaseer01
Josh Hader,56,0,56,0,0,0,0,0,0,0,0,0,0,haderjo01
Jake Hager,28,17,3,0,0,16,7,4,0,0,0,0,2,hagerja01
Sam Haggerty,83,49,0,0,0,4,0,0,33,6,37,70,7,haggesa01
Darick Hall,42,34,1,0,7,0,0,0,0,0,0,0,31,hallda02
DL Hall,11,1,11,0,0,0,0,0,0,0,0,0,0,halldl01
Billy Hamilton,37,6,0,0,0,3,1,0,12,5,0,17,5,hamilbi02
Caleb Hamilton,22,4,0,11,6,0,0,0,0,0,0,0,1,hamilca01
Ian Hamilton,1,0,1,0,0,0,0,0,0,0,0,0,0,hamilia01
Garrett Hampson,90,57,0,0,0,10,7,32,0,36,0,36,6,hampsga01
Brad Hand,55,0,55,0,0,0,0,0,0,0,0,0,0,handbr01
Mitch Haniger,57,57,0,0,0,0,0,0,0,0,47,47,12,hanigmi01
Ian Happ,158,152,0,0,0,0,0,0,146,3,0,147,10,happia01
Bryce Harper,99,98,0,0,0,0,0,0,0,0,8,8,90,harpebr03
Michael Harris II,114,114,0,0,0,0,0,0,0,114,0,114,0,harrimi04
Josh Harrison,119,107,3,0,0,90,23,2,2,0,0,2,4,harrijo05
Monte Harrison,9,4,0,0,0,0,0,0,6,3,0,8,0,harrimo01
Hunter Harvey,38,0,38,0,0,0,0,0,0,0,0,0,0,harvehu01
Adam Haseley,14,5,0,0,0,0,0,0,4,3,5,10,3,haselad01
Thomas Hatch,1,1,1,0,0,0,0,0,0,0,0,0,0,hatchto01
Ke'Bryan Hayes,136,130,0,0,0,0,133,3,0,0,0,0,2,hayeske01
Austin Hays,145,139,0,0,0,0,0,0,86,6,58,141,4,haysau01
Louis Head,28,0,28,0,0,0,0,0,0,0,0,0,0,headlo01
Andrew Heaney,16,14,16,0,0,0,0,0,0,0,0,0,0,heanean01
Taylor Hearn,31,13,31,0,0,0,0,0,0,0,0,0,0,hearnta01
Jonathan Heasley,21,21,21,0,0,0,0,0,0,0,0,0,0,heasljo01
Austin Hedges,105,97,0,105,0,0,0,0,0,0,0,0,0,hedgeau01
Jonah Heim,127,106,0,111,0,0,0,0,0,0,0,0,8,heimjo01
Tyler Heineman,62,50,0,59,0,0,0,0,0,0,0,0,1,heinety01
Ryan Helsley,54,0,54,0,0,0,0,0,0,0,0,0,0,helslry01
Heath Hembree,26,0,26,0,0,0,0,0,0,0,0,0,0,hembrhe01
Gunnar Henderson,34,30,0,0,0,3,24,7,0,0,0,0,4,hendegu01
Kyle Hendricks,16,16,16,0,0,0,0,0,0,0,0,0,0,hendrky01
Liam Hendriks,58,0,58,0,0,0,0,0,0,0,0,0,0,hendrli01
Ryan Hendrix,9,0,9,0,0,0,0,0,0,0,0,0,0,hendrry01
Ronny Henriquez,3,0,3,0,0,0,0,0,0,0,0,0,0,henriro01
Payton Henry,15,11,0,15,0,0,0,0,0,0,0,0,0,henrypa01
Tommy Henry,9,9,9,0,0,0,0,0,0,0,0,0,0,henryto01
David Hensley,16,7,0,0,0,5,3,2,1,0,0,1,6,henslda01
Sam Hentges,57,0,57,0,0,0,0,0,0,0,0,0,0,hentgsa01
Guillermo Heredia,74,20,0,0,0,0,0,0,35,6,23,64,6,heredgu01
Jimmy Herget,49,1,49,0,0,0,0,0,0,0,0,0,0,hergeji01
Kevin Herget,3,0,3,0,0,0,0,0,0,0,0,0,0,hergeke01
Michael Hermosillo,31,19,0,0,0,0,0,0,1,28,2,30,0,hermomi01
Carlos Hernández,27,7,27,0,0,0,0,0,0,0,0,0,0,hernaca04
César Hernández,147,142,0,0,0,126,9,0,10,0,0,10,0,hernace02
Darwinzon Hernández,7,0,7,0,0,0,0,0,0,0,0,0,0,hernada02
Elier Hernandez,14,11,0,0,1,0,0,0,7,0,1,8,5,hernael02
Elieser Hernández,20,10,20,0,0,0,0,0,0,0,0,0,0,hernael01
Enrique Hernández,93,91,0,0,0,11,0,10,0,80,0,80,0,hernaen02
Jonathan Hernández,29,0,29,0,0,0,0,0,0,0,0,0,0,hernajo02
Teoscar Hernández,131,128,0,0,0,0,0,0,8,0,117,119,10,hernate01
Yadiel Hernández,94,84,0,0,0,0,0,0,79,0,1,79,11,hernaya01
Yonny Hernández,12,6,0,0,0,2,10,0,0,0,0,0,0,hernayo02
Iván Herrera,11,6,0,11,0,0,0,0,0,0,0,0,0,herreiv01
Jose Herrera,47,42,0,46,0,0,0,0,0,0,0,0,1,herrejo04
Odúbel Herrera,62,48,0,0,0,0,0,0,11,48,7,59,0,herreod01
Jason Heyward,48,41,0,0,0,0,0,0,0,26,21,47,0,heywaja01
Brewer Hicklen,6,1,0,0,0,0,0,0,2,1,2,5,0,hicklbr01
Aaron Hicks,130,110,0,0,0,0,0,0,55,81,0,126,1,hicksaa01
Jordan Hicks,35,8,35,0,0,0,0,0,0,0,0,0,0,hicksjo03
Kyle Higashioka,83,72,0,82,0,0,0,0,0,0,0,0,1,higasky01
P.J. Higgins,74,51,0,34,38,0,4,0,0,0,0,0,1,higgipj01
Derek Hill,31,26,0,0,0,0,0,0,0,30,0,30,0,hillde01
Garrett Hill,17,8,17,0,0,0,0,0,0,0,0,0,0,hillga02
Rich Hill,26,26,26,0,0,0,0,0,0,0,0,0,0,hillri01
Tim Hill,55,0,55,0,0,0,0,0,0,0,0,0,0,hillti01
Sam Hilliard,70,51,0,0,0,0,0,0,59,14,3,68,0,hillisa01
Keston Hiura,80,67,0,0,33,14,0,0,5,0,0,5,26,hiurake01
Sean Hjelle,8,0,8,0,0,0,0,0,0,0,0,0,0,hjellse01
Bryan Hoeing,8,1,8,0,0,0,0,0,0,0,0,0,0,hoeinbr01
Nico Hoerner,135,129,0,0,0,0,1,133,0,0,0,0,1,hoernni01
Jeff Hoffman,35,1,35,0,0,0,0,0,0,0,0,0,0,hoffmje02
Colin Holderman,24,0,24,0,0,0,0,0,0,0,0,0,0,holdeco01
Greg Holland,5,0,5,0,0,0,0,0,0,0,0,0,0,hollagr01
Jordan Holloway,1,0,1,0,0,0,0,0,0,0,0,0,0,hollojo01
Gavin Hollowell,6,0,6,0,0,0,0,0,0,0,0,0,0,holloga01
Clay Holmes,62,0,62,0,0,0,0,0,0,0,0,0,0,holmecl01
Tyler Holton,10,0,10,0,0,0,0,0,0,0,0,0,0,holtoty01
Rhys Hoskins,156,154,0,0,151,0,0,0,0,0,0,0,4,hoskirh01
Eric Hosmer,104,103,0,0,102,0,0,0,0,0,0,0,2,hosmeer01
Tanner Houck,32,4,32,0,0,0,0,0,0,0,0,0,0,houckta01
Adrian Houser,22,21,22,0,0,0,0,0,0,0,0,0,0,housead01
Sam Howard,3,0,3,0,0,0,0,0,0,0,0,0,0,howarsa01
Spencer Howard,10,8,10,0,0,0,0,0,0,0,0,0,0,howarsp01
Dakota Hudson,27,26,27,0,0,0,0,0,0,0,0,0,0,hudsoda02
Daniel Hudson,25,0,25,0,0,0,0,0,0,0,0,0,0,hudsoda01
Sam Huff,44,32,0,29,6,0,0,0,0,0,0,0,4,huffsa01
Brandon Hughes,57,0,57,0,0,0,0,0,0,0,0,0,0,hughebr01
Cooper Hummel,66,43,0,18,0,0,0,0,21,0,2,23,17,hummeco01
Tommy Hunter,18,0,18,0,0,0,0,0,0,0,0,0,0,hunteto02
Drew Hutchison,28,18,28,0,0,0,0,0,0,0,0,0,0,hutchdr01
Andy Ibáñez,40,37,0,0,6,2,25,0,0,0,0,0,8,ibanean01
José Iglesias,118,118,0,0,0,0,0,116,0,0,0,0,2,iglesjo01
Raisel Iglesias,67,0,67,0,0,0,0,0,0,0,0,0,0,iglesra01
Ender Inciarte,11,1,0,0,0,0,0,0,6,2,2,10,1,inciaen01
Jonathan India,103,98,0,0,0,86,0,0,0,0,0,0,14,indiajo01
Cole Irvin,30,30,30,0,0,0,0,0,0,0,0,0,0,irvinco01
Kyle Isbel,106,72,0,0,0,0,0,0,29,30,49,101,3,isbelky01
Alex Jackson,5,3,0,4,0,0,0,0,0,0,0,0,0,jacksal02
Andre Jackson,4,0,4,0,0,0,0,0,0,0,0,0,0,jacksan01
Drew Jackson,3,1,0,0,0,0,1,0,1,0,2,3,0,jacksdr01
Jay Jackson,2,0,2,0,0,0,0,0,0,0,0,0,0,jacksja01
Zach Jackson,54,0,54,0,0,0,0,0,0,0,0,0,0,jacksza02
Drey Jameson,4,4,4,0,0,0,0,0,0,0,0,0,0,jamesdr01
Travis Jankowski,44,17,0,0,0,0,0,0,19,11,12,40,3,jankotr01
Danny Jansen,72,61,0,63,0,0,0,0,0,0,0,0,3,janseda01
Kenley Jansen,65,0,65,0,0,0,0,0,0,0,0,0,0,janseke01
Cristian Javier,30,25,30,0,0,0,0,0,0,0,0,0,0,javiecr01
Griffin Jax,65,0,65,0,0,0,0,0,0,0,0,0,0,jaxgr01
Daulton Jefferies,8,8,8,0,0,0,0,0,0,0,0,0,0,jeffeda01
Ryan Jeffers,67,62,0,59,0,0,0,0,0,0,0,0,7,jeffery01
Dany Jiménez,34,0,34,0,0,0,0,0,0,0,0,0,0,jimenda01
Eloy Jiménez,84,80,0,0,0,0,0,0,30,0,0,30,50,jimenel02
Joe Jiménez,62,0,62,0,0,0,0,0,0,0,0,0,0,jimenjo02
Connor Joe,111,101,0,0,24,0,0,0,50,0,16,64,27,joeco01
Bryce Johnson,11,6,0,0,0,0,0,0,1,7,4,10,0,johnsbr03
Pierce Johnson,15,0,15,0,0,0,0,0,0,0,0,0,0,johnspi01
Damon Jones,4,0,4,0,0,0,0,0,0,0,0,0,0,jonesda07
Nolan Jones,28,25,0,0,0,0,0,0,0,0,22,22,4,jonesno01
Taylor Jones,1,0,0,0,0,0,0,0,0,0,0,0,0,jonesta01
Aaron Judge,157,153,0,0,0,0,0,0,0,78,73,129,25,judgeaa01
Josh Jung,26,26,0,0,0,0,25,0,0,0,0,0,1,jungjo01
Jakob Junis,23,17,23,0,0,0,0,0,0,0,0,0,0,junisja01
Janson Junk,3,2,3,0,0,0,0,0,0,0,0,0,0,junkja01
Tommy Kahnle,13,0,13,0,0,0,0,0,0,0,0,0,0,kahnlto01
James Kaprielian,27,26,26,0,0,0,0,0,0,0,0,0,1,kaprija01
James Karinchak,38,0,38,0,0,0,0,0,0,0,0,0,0,karinja01
Gosuke Katoh,8,4,0,0,3,2,0,0,0,0,0,0,1,katohgo01
Anthony Kay,1,0,1,0,0,0,0,0,0,0,0,0,0,kayan01
Jarred Kelenic,54,44,0,0,0,0,0,0,3,24,24,50,2,kelenja01
Brad Keller,35,22,35,0,0,0,0,0,0,0,0,0,0,kellebr01
Mitch Keller,31,29,31,0,0,0,0,0,0,0,0,0,0,kellemi03
Trevor Kelley,18,0,18,0,0,0,0,0,0,0,0,0,0,kelletr01
Carson Kelly,104,88,4,100,0,0,0,0,0,0,0,0,2,kellyca02
Joe Kelly,43,1,43,0,0,0,0,0,0,0,0,0,0,kellyjo05
Merrill Kelly,33,33,33,0,0,0,0,0,0,0,0,0,0,kellyme01
Michael Kelly,4,0,4,0,0,0,0,0,0,0,0,0,0,kellymi03
Zack Kelly,13,0,13,0,0,0,0,0,0,0,0,0,0,kellyza01
Tony Kemp,147,130,0,0,0,89,0,0,65,0,0,65,3,kempto01
Buddy Kennedy,30,25,0,0,0,22,2,0,0,0,0,0,3,kennebu01
Ian Kennedy,57,0,57,0,0,0,0,0,0,0,0,0,0,kenneia01
Max Kepler,115,105,0,0,0,0,0,0,0,3,110,110,2,keplema01
Ray Kerr,7,0,7,0,0,0,0,0,0,0,0,0,0,kerrra01
Clayton Kershaw,22,22,22,0,0,0,0,0,0,0,0,0,0,kershcl01
Dallas Keuchel,14,14,14,0,0,0,0,0,0,0,0,0,0,keuchda01
Kevin Kiermaier,63,57,0,0,0,0,0,0,0,60,0,60,2,kiermke01
Yusei Kikuchi,32,20,32,0,0,0,0,0,0,0,0,0,0,kikucyu01
Caleb Kilian,3,3,3,0,0,0,0,0,0,0,0,0,0,kiliaca01
Ha-Seong Kim,150,142,0,0,0,0,24,131,0,0,0,0,0,kimha01
Craig Kimbrel,63,0,63,0,0,0,0,0,0,0,0,0,0,kimbrcr01
Isiah Kiner-Falefa,142,135,0,0,0,0,6,138,0,0,0,0,0,kineris01
John King,39,0,39,0,0,0,0,0,0,0,0,0,0,kingjo01
Michael King,34,0,34,0,0,0,0,0,0,0,0,0,0,kingmi01
Scott Kingery,1,0,0,0,0,1,0,0,0,0,0,0,0,kingesc01
Tyler Kinley,25,0,25,0,0,0,0,0,0,0,0,0,0,kinlety01
George Kirby,25,25,25,0,0,0,0,0,0,0,0,0,0,kirbyge01
Alex Kirilloff,45,39,0,0,18,0,0,0,21,0,8,28,3,kirilal01
Alejandro Kirk,139,123,0,78,0,0,0,0,0,0,0,0,51,kirkal01
Andrew Kittredge,17,0,17,0,0,0,0,0,0,0,0,0,0,kittran01
Corey Kluber,31,31,31,0,0,0,0,0,0,0,0,0,0,klubeco01
Andrew Knapp,16,13,0,16,0,0,0,0,0,0,0,0,0,knappan01
Corey Knebel,46,0,46,0,0,0,0,0,0,0,0,0,0,knebeco01
Reiss Knehr,5,1,5,0,0,0,0,0,0,0,0,0,0,knehrre01
Dusten Knight,6,0,6,0,0,0,0,0,0,0,0,0,0,knighdu01
Andrew Knizner,97,78,1,90,5,0,0,0,0,0,0,0,1,kniznan01
Matt Koch,4,0,4,0,0,0,0,0,0,0,0,0,0,kochma01
Jared Koenig,10,5,10,0,0,0,0,0,0,0,0,0,0,koenija01
Adam Kolarek,15,0,15,0,0,0,0,0,0,0,0,0,0,kolarad01
Mark Kolozsvary,10,6,0,9,0,0,0,0,0,0,0,0,0,kolozma01
Michael Kopech,25,25,25,0,0,0,0,0,0,0,0,0,0,kopecmi01
Jackson Kowar,7,0,7,0,0,0,0,0,0,0,0,0,0,kowarja01
Max Kranick,2,0,2,0,0,0,0,0,0,0,0,0,0,kranima01
Joey Krehbiel,56,0,56,0,0,0,0,0,0,0,0,0,0,krehbjo01
Ryan Kreidler,26,22,0,0,0,2,13,13,0,1,0,1,0,kreidry01
Dean Kremer,22,21,22,0,0,0,0,0,0,0,0,0,0,kremede01
Jason Krizan,3,3,0,0,0,0,0,0,3,0,0,3,0,krizaja01
Chad Kuhl,27,27,27,0,0,0,0,0,0,0,0,0,0,kuhlch01
Joel Kuhnel,53,0,53,0,0,0,0,0,0,0,0,0,0,kuhnejo01
Steven Kwan,147,139,0,0,0,0,0,0,123,7,20,137,6,kwanst01
Tommy La Stella,60,47,0,0,3,3,6,0,0,0,0,0,43,lasteto01
A.J. Ladwig,1,0,1,0,0,0,0,0,0,0,0,0,0,ladwiaj01
Juan Lagares,20,16,0,0,0,0,0,0,5,8,9,19,0,lagarju01
Travis Lakins Sr.,6,0,6,0,0,0,0,0,0,0,0,0,0,lakintr01
Jake Lamb,41,24,0,0,4,0,4,0,14,0,6,20,15,lambja01
Jimmy Lambert,42,2,42,0,0,0,0,0,0,0,0,0,0,lambeji01
Dinelson Lamet,32,0,32,0,0,0,0,0,0,0,0,0,0,lametdi01
Alex Lange,71,0,71,0,0,0,0,0,0,0,0,0,0,langeal01
Shea Langeliers,40,38,0,17,0,0,0,0,0,0,0,0,24,langesh01
Trevor Larnach,51,43,0,0,0,0,0,0,33,0,11,43,8,larnatr01
Jack Larsen,1,1,0,0,0,0,0,0,0,0,1,1,0,larseja01
Eric Lauer,29,29,29,0,0,0,0,0,0,0,0,0,0,lauerer01
Ramón Laureano,94,92,0,0,0,0,0,0,0,34,71,88,6,laurera01
Bryan Lavastida,6,4,0,6,0,0,0,0,0,0,0,0,0,lavasbr01
Derek Law,17,0,17,0,0,0,0,0,0,0,0,0,0,lawde01
Casey Lawrence,6,0,6,0,0,0,0,0,0,0,0,0,0,lawreca01
Justin Lawrence,38,0,38,0,0,0,0,0,0,0,0,0,0,lawreju01
Charles Leblanc,48,42,0,0,8,26,13,0,0,0,0,0,2,leblach01
José Leclerc,39,0,39,0,0,0,0,0,0,0,0,0,0,leclejo01
Dylan Lee,46,0,46,0,0,0,0,0,0,0,0,0,0,leedy01
Evan Lee,4,1,4,0,0,0,0,0,0,0,0,0,0,leeev01
Khalil Lee,2,0,0,0,0,0,0,0,0,2,0,2,0,leekh01
Korey Lee,12,7,0,12,0,0,0,0,0,0,0,0,0,leeko01
Mark Leiter Jr.,35,4,35,0,0,0,0,0,0,0,0,0,0,leitema02
DJ LeMahieu,125,116,0,0,35,41,47,0,0,0,0,0,7,lemahdj01
Jacob Lemoine,9,0,9,0,0,0,0,0,0,0,0,0,0,lemoija01
Sandy León,34,28,1,33,0,0,0,0,0,0,0,0,0,leonsa01
Dominic Leone,55,0,55,0,0,0,0,0,0,0,0,0,0,leonedo01
Josh Lester,2,1,0,0,0,0,1,0,0,0,0,0,1,lestejo02
Kyle Lewis,18,15,0,0,0,0,0,0,1,0,3,4,11,lewisky01
Royce Lewis,12,12,0,0,0,0,0,11,0,1,0,1,0,lewisro02
Luis Liberato,7,0,0,0,0,0,0,0,1,1,1,3,3,liberlu01
Matthew Liberatore,9,7,9,0,0,0,0,0,0,0,0,0,0,liberma01
Francisco Lindor,161,161,0,0,0,0,0,159,0,0,0,0,2,lindofr01
Zack Littell,39,0,39,0,0,0,0,0,0,0,0,0,0,litteza01
Brendon Little,1,0,1,0,0,0,0,0,0,0,0,0,0,littlbr02
Mauricio Llovera,17,1,17,0,0,0,0,0,0,0,0,0,0,llovema01
Jonathan Loáisiga,50,0,50,0,0,0,0,0,0,0,0,0,0,loaisjo01
Tim Locastro,38,10,0,0,0,0,0,0,11,9,7,26,5,locasti01
Nick Lodolo,19,19,19,0,0,0,0,0,0,0,0,0,0,lodolni01
Zach Logue,14,10,14,0,0,0,0,0,0,0,0,0,0,logueza01
Sam Long,28,6,28,0,0,0,0,0,0,0,0,0,0,longsa01
Evan Longoria,89,67,0,0,0,0,68,0,0,0,0,0,17,longoev01
Christian Lopes,4,2,0,0,0,2,0,0,1,0,1,2,1,lopesch01
Alejo Lopez,61,34,3,0,0,33,8,0,4,0,2,6,8,lopezal03
Jorge López,67,0,67,0,0,0,0,0,0,0,0,0,0,lopezjo02
Nicky Lopez,142,127,1,0,0,68,30,52,0,0,0,0,2,lopezni01
Otto Lopez,8,2,0,0,0,1,0,5,0,1,0,1,1,lopezot01
Pablo López,32,32,32,0,0,0,0,0,0,0,0,0,0,lopezpa01
Reynaldo López,61,1,61,0,0,0,0,0,0,0,0,0,0,lopezre01
Yoan López,8,0,8,0,0,0,0,0,0,0,0,0,0,lopezyo01
Michael Lorenzen,18,18,18,0,0,0,0,0,0,0,0,0,0,lorenmi01
Aaron Loup,65,0,65,0,0,0,0,0,0,0,0,0,0,loupaa01
Brandon Lowe,65,61,0,0,0,53,0,0,0,0,1,1,11,lowebr01
Josh Lowe,52,48,0,0,0,0,0,0,10,9,33,44,7,lowejo01
Nathaniel Lowe,157,154,0,0,153,0,0,0,0,0,0,0,4,lowena01
Jed Lowrie,50,42,0,0,3,2,0,0,0,0,0,0,41,lowrije01
Zac Lowther,1,0,1,0,0,0,0,0,0,0,0,0,0,lowthza01
Lucas Luetge,50,0,50,0,0,0,0,0,0,0,0,0,0,luetglu01
Seth Lugo,62,0,62,0,0,0,0,0,0,0,0,0,0,lugose01
Jordan Luplow,83,51,0,0,1,0,1,0,22,5,41,63,7,luplojo01
Gavin Lux,129,118,0,0,0,102,0,9,28,0,0,28,1,luxga01
Jesús Luzardo,18,18,18,0,0,0,0,0,0,0,0,0,0,luzarje01
Jordan Lyles,32,32,32,0,0,0,0,0,0,0,0,0,0,lylesjo01
Daniel Lynch IV,27,27,27,0,0,0,0,0,0,0,0,0,0,lynchda02
Lance Lynn,21,21,21,0,0,0,0,0,0,0,0,0,0,lynnla01
Andrés Machado,51,0,51,0,0,0,0,0,0,0,0,0,0,machaan02
Dixon Machado,5,5,0,0,0,0,0,5,0,0,0,0,0,machadi01
Manny Machado,150,148,0,0,0,0,135,0,0,0,0,0,15,machama01
Vimael Machín,73,62,0,0,0,1,68,1,0,0,0,0,1,machivi01
David MacKinnon,22,13,0,0,12,0,5,0,0,0,0,0,0,mackida01
Nick Madrigal,59,53,0,0,0,59,0,0,0,0,0,0,0,madrini01
Bligh Madris,39,32,0,0,9,0,0,0,5,2,19,25,3,madribl01
Tyler Mahle,23,23,23,0,0,0,0,0,0,0,0,0,0,mahlety01
Luke Maile,76,55,0,76,0,0,0,0,0,0,0,0,0,mailelu01
Martín Maldonado,113,110,0,113,0,0,0,0,0,0,0,0,0,maldoma01
Sean Manaea,30,28,30,0,0,0,0,0,0,0,0,0,0,manaese01
Trey Mancini,143,136,0,0,39,0,0,0,20,0,11,31,71,mancitr01
Matt Manning,13,13,13,0,0,0,0,0,0,0,0,0,0,mannima02
Alek Manoah,31,31,31,0,0,0,0,0,0,0,0,0,0,manoaal01
Joe Mantiply,69,0,69,0,0,0,0,0,0,0,0,0,0,mantijo01
Tucupita Marcano,49,44,0,0,0,23,0,1,30,0,1,30,0,marcatu01
Manuel Margot,89,85,0,0,0,0,0,0,8,18,53,70,16,margoma01
Ron Marinaccio,40,0,40,0,0,0,0,0,0,0,0,0,0,marinro01
Jake Marisnick,31,21,0,0,0,0,0,0,12,14,4,29,0,marisja01
Parker Markel,3,0,3,0,0,0,0,0,0,0,0,0,0,markepa01
Germán Márquez,31,31,31,0,0,0,0,0,0,0,0,0,0,marquge01
Deven Marrero,5,1,0,0,0,0,1,3,0,0,0,0,1,marrede01
Brandon Marsh,134,119,0,0,0,0,0,0,77,59,2,131,0,marshbr02
José Marte,11,0,11,0,0,0,0,0,0,0,0,0,0,martejo01
Ketel Marte,137,128,0,0,0,94,0,0,0,0,0,0,38,marteke01
Starling Marte,118,116,0,0,0,0,0,0,0,2,116,116,1,martest01
Yunior Marte,39,0,39,0,0,0,0,0,0,0,0,0,0,marteyu01
Brett Martin,55,1,55,0,0,0,0,0,0,0,0,0,0,martibr01
Chris Martin,60,0,60,0,0,0,0,0,0,0,0,0,0,martich02
Corbin Martin,7,2,7,0,0,0,0,0,0,0,0,0,0,martico02
Davis Martin,14,9,14,0,0,0,0,0,0,0,0,0,0,martida03
Richie Martin,13,9,0,0,0,10,0,2,0,0,0,0,1,martiri01
Adrián Martinez,12,12,12,0,0,0,0,0,0,0,0,0,0,martiad01
J.D. Martinez,139,139,0,0,0,0,0,0,0,0,0,0,139,martijd02
Nick Martinez,47,10,47,0,0,0,0,0,0,0,0,0,0,martini01
Seth Martinez,29,0,29,0,0,0,0,0,0,0,0,0,0,martise01
Michael Massey,52,47,0,0,0,48,1,0,0,0,0,0,2,massemi02
Miles Mastrobuoni,8,4,0,0,0,7,0,0,0,0,3,3,0,mastrmi01
Jorge Mateo,150,142,0,0,0,0,0,149,0,0,0,0,0,mateojo01
Mark Mathias,30,21,0,0,3,6,2,0,2,0,2,4,15,mathima01
J.J. Matijevic,32,14,0,0,10,0,0,0,1,0,0,1,12,matijjj01
Nick Maton,35,22,2,0,0,10,2,2,10,0,10,20,0,matonni01
Phil Maton,67,0,67,0,0,0,0,0,0,0,0,0,0,matonph01
Steven Matz,15,10,15,0,0,0,0,0,0,0,0,0,0,matzst01
Tyler Matzek,42,0,42,0,0,0,0,0,0,0,0,0,0,matzety01
Dustin May,6,6,6,0,0,0,0,0,0,0,0,0,0,maydu01
Trevor May,26,0,26,0,0,0,0,0,0,0,0,0,0,maytr01
Mike Mayers,24,3,24,0,0,0,0,0,0,0,0,0,0,mayermi01
Jack Mayfield,23,18,1,0,0,11,8,0,2,0,4,6,1,mayfija01
Tim Mayza,63,0,63,0,0,0,0,0,0,0,0,0,0,mayzati01
Nomar Mazara,55,41,0,0,0,0,0,0,3,0,48,50,0,mazarno01
Patrick Mazeika,24,18,0,22,2,0,0,0,0,0,0,0,0,mazeipa01
Chris Mazza,2,0,2,0,0,0,0,0,0,0,0,0,0,mazzach01
James McCann,61,54,0,60,3,0,0,0,0,0,0,0,0,mccanja02
Jake McCarthy,99,82,0,0,0,0,0,0,32,12,47,82,12,mccarja02
Kirk McCarty,13,2,13,0,0,0,0,0,0,0,0,0,0,mccarki01
Shane McClanahan,29,29,29,0,0,0,0,0,0,0,0,0,0,mcclash01
Chas McCormick,119,99,0,0,0,0,0,0,64,60,17,117,1,mccorch01
Lance McCullers Jr.,8,8,8,0,0,0,0,0,0,0,0,0,0,mcculla02
Andrew McCutchen,134,131,0,0,0,0,0,0,31,3,19,50,82,mccutan01
Mickey McDonald,4,2,0,0,0,0,0,0,0,1,1,2,1,mcdonmi01
T.J. McFarland,28,0,28,0,0,0,0,0,0,0,0,0,0,mcfartj01
Easton McGee,1,0,1,0,0,0,0,0,0,0,0,0,0,mcgeeea01
Jake McGee,42,0,42,0,0,0,0,0,0,0,0,0,0,mcgeeja01
Reese McGuire,89,71,1,84,0,0,0,0,0,0,0,0,1,mcguire01
Collin McHugh,58,0,58,0,0,0,0,0,0,0,0,0,0,mchugco01
David McKay,4,0,4,0,0,0,0,0,0,0,0,0,0,mckayda02
Ryan McKenna,105,43,2,0,0,0,0,0,39,21,31,86,8,mckenry01
Triston McKenzie,31,30,31,0,0,0,0,0,0,0,0,0,0,mckentr01
Billy McKinney,23,15,0,0,7,0,0,0,4,0,10,14,3,mckinbi01
Zach McKinstry,57,42,0,0,0,21,22,10,1,0,3,4,3,mckinza01
Ryan McMahon,153,142,0,0,1,10,145,0,0,0,0,0,1,mcmahry01
Jeff McNeil,148,142,0,0,0,106,1,0,34,0,13,47,4,mcneije01
Austin Meadows,36,35,0,0,0,0,0,0,15,0,18,32,4,meadoau01
John Means,2,2,2,0,0,0,0,0,0,0,0,0,0,meansjo01
Nick Mears,2,0,2,0,0,0,0,0,0,0,0,0,0,mearsni01
Adonis Medina,14,0,14,0,0,0,0,0,0,0,0,0,0,medinad01
Trevor Megill,40,0,40,0,0,0,0,0,0,0,0,0,0,megiltr01
Tylor Megill,15,9,15,0,0,0,0,0,0,0,0,0,0,megilty01
Francisco Mejía,93,73,0,83,2,0,0,0,0,0,0,0,4,mejiafr01
J.C. Mejía,2,0,2,0,0,0,0,0,0,0,0,0,0,mejiaje02
Mark Melancon,62,0,62,0,0,0,0,0,0,0,0,0,0,melanma01
MJ Melendez,129,124,0,78,0,0,0,0,23,0,15,38,23,melenmj01
Danny Mendick,31,26,0,0,0,6,2,22,1,0,0,1,0,mendida01
Joey Meneses,56,55,0,0,40,0,0,0,3,0,22,24,0,menesjo01
Conner Menez,1,0,1,0,0,0,0,0,0,0,0,0,0,menezco01
Daniel Mengden,5,1,5,0,0,0,0,0,0,0,0,0,0,mengdda01
Óscar Mercado,55,32,0,0,0,0,0,0,12,5,36,51,1,mercaos01
Yermín Mercedes,31,20,0,1,4,0,0,0,8,0,0,8,16,merceye01
Whit Merrifield,139,129,1,0,2,83,0,0,5,18,40,62,5,merriwh01
Julian Merryweather,26,1,26,0,0,0,0,0,0,0,0,0,0,merryju01
Max Meyer,2,2,2,0,0,0,0,0,0,0,0,0,0,meyerma01
Jake Meyers,52,44,0,0,0,0,0,0,0,51,0,51,1,meyerja02
Keynan Middleton,18,0,18,0,0,0,0,0,0,0,0,0,0,middlke01
Miles Mikolas,33,32,33,0,0,0,0,0,0,0,0,0,0,mikolmi01
Wade Miley,9,8,9,0,0,0,0,0,0,0,0,0,0,mileywa01
Brad Miller,81,58,0,0,0,0,27,0,28,0,3,29,23,millebr02
Owen Miller,130,108,0,0,80,25,4,0,0,0,0,0,22,milleow01
Shelby Miller,4,0,4,0,0,0,0,0,0,0,0,0,0,millesh01
Tyson Miller,4,2,4,0,0,0,0,0,0,0,0,0,0,millety01
Alec Mills,7,2,7,0,0,0,0,0,0,0,0,0,0,millsal02
Wyatt Mills,27,0,27,0,0,0,0,0,0,0,0,0,0,millswy01
Hoby Milner,67,0,67,0,0,0,0,0,0,0,0,0,0,milneho01
Tommy Milone,7,0,7,0,0,0,0,0,0,0,0,0,0,milonto01
Juan Minaya,6,0,6,0,0,0,0,0,0,0,0,0,0,minayju01
Mike Minor,19,19,19,0,0,0,0,0,0,0,0,0,0,minormi01
A.J. Minter,75,0,75,0,0,0,0,0,0,0,0,0,0,minteaj01
Jose Miranda,125,116,0,0,77,0,34,0,0,0,0,0,21,miranjo01
Anthony Misiewicz,32,0,32,0,0,0,0,0,0,0,0,0,0,misiean01
Calvin Mitchell,69,60,0,0,0,0,0,0,0,0,54,54,11,mitchca01
Garrett Mitchell,28,19,0,0,0,0,0,0,0,28,0,28,0,mitchga01
Casey Mize,2,2,2,0,0,0,0,0,0,0,0,0,0,mizeca01
Yadier Molina,80,71,2,77,1,0,0,0,0,0,0,0,1,molinya01
Sam Moll,53,0,53,0,0,0,0,0,0,0,0,0,0,mollsa01
Yoán Moncada,104,98,0,0,0,0,101,0,0,0,0,0,0,moncayo01
Adalberto Mondesí,15,15,0,0,0,0,0,15,0,0,0,0,0,mondera02
Nate Mondou,1,1,0,0,0,1,0,0,0,0,0,0,0,mondona01
Mickey Moniak,37,30,0,0,0,0,0,0,13,21,4,36,1,moniami01
Frankie Montas,27,27,27,0,0,0,0,0,0,0,0,0,0,montafr02
Elehuris Montero,53,45,0,0,16,0,23,0,0,0,0,0,12,monteel01
Rafael Montero,71,0,71,0,0,0,0,0,0,0,0,0,0,montera01
Bryce Montes de Oca,3,0,3,0,0,0,0,0,0,0,0,0,0,montebr01
Jordan Montgomery,32,32,32,0,0,0,0,0,0,0,0,0,0,montgjo01
Dylan Moore,104,64,0,0,8,12,2,26,18,7,39,61,3,mooredy01
Matt Moore,63,0,63,0,0,0,0,0,0,0,0,0,0,moorema02
Francisco Morales,3,0,3,0,0,0,0,0,0,0,0,0,0,moralfr02
Brian Moran,1,0,1,0,0,0,0,0,0,0,0,0,0,moranbr01
Colin Moran,42,31,0,0,25,0,14,0,0,0,0,0,2,moranco01
Jovani Moran,31,0,31,0,0,0,0,0,0,0,0,0,0,moranjo01
Adrián Morejón,26,0,26,0,0,0,0,0,0,0,0,0,0,morejad01
Christopher Morel,113,105,0,0,0,33,18,13,1,57,0,58,3,morelch01
Gabriel Moreno,25,18,0,19,0,1,1,0,1,0,0,1,2,morenga01
Dauri Moreta,35,1,35,0,0,0,0,0,0,0,0,0,0,moretda01
Eli Morgan,50,1,50,0,0,0,0,0,0,0,0,0,0,morgael01
Reyes Moronta,39,0,39,0,0,0,0,0,0,0,0,0,0,moronre01
Cody Morris,7,5,7,0,0,0,0,0,0,0,0,0,0,morrico01
Charlie Morton,31,31,31,0,0,0,0,0,0,0,0,0,0,mortoch02
Taylor Motter,2,2,0,0,0,1,2,0,0,0,0,0,0,motteta01
Ryan Mountcastle,145,144,0,0,124,0,0,0,0,0,0,0,21,mountry01
Mike Moustakas,78,72,0,0,24,0,25,0,0,0,0,0,30,moustmi01
Kyle Muller,3,3,3,0,0,0,0,0,0,0,0,0,0,mulleky01
Cedric Mullins,156,144,0,0,0,0,0,0,0,150,0,150,4,mullice01
Max Muncy,136,130,0,0,3,31,84,0,0,0,0,0,25,muncyma01
Andrés Muñoz,64,0,64,0,0,0,0,0,0,0,0,0,0,munozan01
Yairo Muñoz,29,16,0,0,0,14,8,0,1,0,2,3,0,munozya01
Penn Murfee,64,1,64,0,0,0,0,0,0,0,0,0,0,murfepe01
Patrick Murphy,6,0,6,0,0,0,0,0,0,0,0,0,0,murphpa02
Sean Murphy,148,146,0,116,0,0,0,0,0,0,0,0,30,murphse01
Tom Murphy,14,11,0,12,0,0,0,0,0,0,0,0,1,murphto04
Joe Musgrove,30,30,30,0,0,0,0,0,0,0,0,0,0,musgrjo01
Parker Mushinski,7,0,7,0,0,0,0,0,0,0,0,0,0,mushipa01
Símon Muzziotti,9,3,0,0,0,0,0,0,0,8,0,8,0,muzzisi01
Wil Myers,77,70,4,0,25,0,1,0,10,6,36,52,0,myerswi01
James Naile,7,0,7,0,0,0,0,0,0,0,0,0,0,naileja01
Tommy Nance,35,2,35,0,0,0,0,0,0,0,0,0,0,nanceto01
Tyler Naquin,105,78,0,0,0,0,0,0,14,3,68,83,15,naquity01
Andrew Nardi,13,0,13,0,0,0,0,0,0,0,0,0,0,nardian01
Omar Narváez,84,81,0,83,0,0,0,0,0,0,0,0,1,narvaom01
Packy Naughton,26,3,26,0,0,0,0,0,0,0,0,0,0,naughpa01
Bo Naylor,5,1,0,4,0,0,0,0,0,0,0,0,1,naylobo01
Josh Naylor,122,116,0,0,88,0,0,0,0,0,5,5,27,naylojo01
Nick Neidert,1,1,1,0,0,0,0,0,0,0,0,0,0,neideni01
Kyle Nelson,43,1,43,0,0,0,0,0,0,0,0,0,0,nelsoky01
Nick Nelson,47,2,47,0,0,0,0,0,0,0,0,0,0,nelsoni01
Ryne Nelson,3,3,3,0,0,0,0,0,0,0,0,0,0,nelsory01
Hector Neris,70,0,70,0,0,0,0,0,0,0,0,0,0,nerishe01
Sheldon Neuse,89,75,3,0,13,23,44,2,0,0,0,0,10,neusesh01
Tyler Nevin,58,53,0,0,8,0,44,0,2,0,1,3,3,nevinty01
Sean Newcomb,20,1,20,0,0,0,0,0,0,0,0,0,0,newcose01
Kevin Newman,78,70,0,0,0,42,0,33,0,0,0,0,3,newmake01
Tomás Nido,98,86,0,96,0,0,0,0,0,0,0,0,0,nidoto01
Brandon Nimmo,151,148,0,0,0,0,0,0,0,151,0,151,0,nimmobr01
Vinny Nittoli,2,0,2,0,0,0,0,0,0,0,0,0,0,nittovi01
Stephen Nogosek,12,0,12,0,0,0,0,0,0,0,0,0,0,nogosst01
Aaron Nola,32,32,32,0,0,0,0,0,0,0,0,0,0,nolaaa01
Austin Nola,110,99,0,101,0,2,1,0,0,0,0,0,6,nolaau01
Lars Nootbaar,108,82,0,0,0,0,0,0,11,12,79,94,9,nootbla01
Daniel Norris,41,3,41,0,0,0,0,0,0,0,0,0,0,norrida01
James Norwood,20,0,20,0,0,0,0,0,0,0,0,0,0,norwoja01
Dom Nuñez,14,13,0,14,0,0,0,0,0,0,0,0,0,nunezdo01
Riley O'Brien,1,0,1,0,0,0,0,0,0,0,0,0,0,obrieri01
Darren O'Day,28,0,28,0,0,0,0,0,0,0,0,0,0,odayda01
Ryan O'Hearn,67,28,0,0,13,0,0,0,0,0,13,13,17,ohearry01
Logan O'Hoppe,5,4,0,5,0,0,0,0,0,0,0,0,0,ohopplo01
Brian O'Keefe,2,1,0,1,0,0,0,0,0,0,0,0,1,okeefbr01
Tyler O'Neill,96,88,0,0,0,0,0,0,83,21,0,94,1,oneilty01
Bailey Ober,11,11,11,0,0,0,0,0,0,0,0,0,0,oberba01
Rougned Odor,135,113,0,0,0,129,2,0,0,0,0,0,1,odorro01
Jake Odorizzi,22,22,22,0,0,0,0,0,0,0,0,0,0,odorija01
Cristofer Ogando,3,0,3,0,0,0,0,0,0,0,0,0,0,ogandcr01
Shohei Ohtani,157,153,28,0,0,0,0,0,0,0,0,0,153,ohtansh01
Steven Okert,60,0,60,0,0,0,0,0,0,0,0,0,0,okertst01
Chris Okey,7,3,0,7,0,0,0,0,0,0,0,0,0,okeych01
Edward Olivares,53,41,0,0,0,0,0,0,12,1,27,39,9,olivaed02
Adam Oller,19,14,19,0,0,0,0,0,0,0,0,0,0,ollerad01
Matt Olson,162,161,0,0,162,0,0,0,0,0,0,0,0,olsonma02
Kaleb Ort,25,0,25,0,0,0,0,0,0,0,0,0,0,ortka01
Oliver Ortega,27,0,27,0,0,0,0,0,0,0,0,0,0,ortegol01
Rafael Ortega,118,85,0,0,0,0,0,0,11,67,19,93,23,ortegra01
Luis Ortiz,6,0,6,0,0,0,0,0,0,0,0,0,0,ortizlu02
Luis Ortiz,4,4,4,0,0,0,0,0,0,0,0,0,0,ortizlu03
Adam Ottavino,66,0,66,0,0,0,0,0,0,0,0,0,0,ottavad01
Glenn Otto,27,27,27,0,0,0,0,0,0,0,0,0,0,ottogl01
James Outman,4,4,0,0,0,0,0,0,3,0,1,3,1,outmaja01
Connor Overton,6,4,6,0,0,0,0,0,0,0,0,0,0,overtco01
Johan Oviedo,21,8,21,0,0,0,0,0,0,0,0,0,0,oviedjo01
Chris Owings,27,19,1,0,0,11,2,8,1,0,0,1,0,owingch01
Marcell Ozuna,124,124,0,0,0,0,0,0,52,0,0,52,72,ozunama01
Cristian Pache,91,70,0,0,0,0,0,0,0,90,0,90,0,pachecr01
Chris Paddack,5,5,5,0,0,0,0,0,0,0,0,0,0,paddach01
Nicholas Padilla,1,0,1,0,0,0,0,0,0,0,0,0,0,padilni01
Kevin Padlo,13,9,0,0,7,0,5,0,0,0,0,0,0,padloke01
Emilio Pagán,59,0,59,0,0,0,0,0,0,0,0,0,0,paganem01
Jermaine Palacios,30,18,2,0,1,12,1,14,0,0,0,0,0,palacje01
Joshua Palacios,29,11,0,0,0,0,0,0,9,0,12,21,4,palacjo01
Richie Palacios,54,30,0,0,0,2,0,0,25,0,0,25,11,palacri01
Andre Pallante,47,10,47,0,0,0,0,0,0,0,0,0,0,pallaan01
Michael Papierski,39,30,0,38,1,0,0,0,0,0,0,0,0,papiemi01
Enoli Paredes,3,0,3,0,0,0,0,0,0,0,0,0,0,pareden01
Isaac Paredes,111,88,0,0,29,43,50,1,0,0,0,0,0,paredis01
Hoy Park,23,17,0,0,0,11,6,3,0,0,2,2,0,parkho01
Vinnie Pasquantino,72,72,0,0,37,0,0,0,0,0,0,0,35,pasquvi01
Luis Patiño,6,6,6,0,0,0,0,0,0,0,0,0,0,patinlu01
Spencer Patton,7,0,7,0,0,0,0,0,0,0,0,0,0,pattosp01
Joel Payamps,41,0,41,0,0,0,0,0,0,0,0,0,0,payamjo01
Mark Payton,8,6,0,0,0,0,0,0,6,1,3,8,0,paytoma01
Matt Peacock,9,0,9,0,0,0,0,0,0,0,0,0,0,peacoma01
Joc Pederson,134,105,0,0,0,0,0,0,102,0,18,114,14,pederjo01
Elvis Peguero,13,0,13,0,0,0,0,0,0,0,0,0,0,pegueel01
Liover Peguero,1,1,0,0,0,0,0,1,0,0,0,0,0,pegueli01
Jeremy Peña,136,132,0,0,0,0,0,134,0,0,0,0,0,penaje02
Ryan Pepiot,9,7,9,0,0,0,0,0,0,0,0,0,0,pepiory01
David Peralta,134,116,0,0,0,0,0,0,114,0,0,114,11,peralda01
Freddy Peralta,18,17,18,0,0,0,0,0,0,0,0,0,0,peralfr01
Wandy Peralta,56,0,56,0,0,0,0,0,0,0,0,0,0,peralwa01
Wily Peralta,28,1,28,0,0,0,0,0,0,0,0,0,0,peralwi01
Oswald Peraza,18,14,0,0,0,4,0,12,0,0,0,0,0,perazos02
Geraldo Perdomo,148,138,0,0,0,2,6,140,0,0,0,0,0,perdoge01
Luis Perdomo,14,0,14,0,0,0,0,0,0,0,0,0,0,perdolu02
Carlos Pérez,7,5,0,6,0,0,0,0,0,0,0,0,0,perezca03
Cionel Pérez,66,0,66,0,0,0,0,0,0,0,0,0,0,perezci01
Francisco Pérez,10,0,10,0,0,0,0,0,0,0,0,0,0,perezfr01
Joe Perez,1,0,0,0,0,0,1,0,0,0,0,0,0,perezjo02
Martín Pérez,32,32,32,0,0,0,0,0,0,0,0,0,0,perezma02
Michael Perez,45,38,0,44,0,0,0,0,0,0,0,0,0,perezmi03
Oliver Pérez,7,0,7,0,0,0,0,0,0,0,0,0,0,perezol01
Roberto Pérez,21,19,0,20,0,0,0,0,0,0,0,0,0,perezro02
Salvador Perez,114,114,0,77,0,0,0,0,0,0,0,0,40,perezsa02
Dillon Peters,22,4,22,0,0,0,0,0,0,0,0,0,0,peterdi01
David Peterson,28,19,28,0,0,0,0,0,0,0,0,0,0,peterda01
Jace Peterson,113,81,1,0,5,3,86,0,3,0,12,14,2,peterja01
Tommy Pham,144,143,0,0,0,0,0,0,134,0,0,134,10,phamth01
David Phelps,65,1,65,0,0,0,0,0,0,0,0,0,0,phelpda01
Brett Phillips,83,60,3,0,0,0,0,0,5,42,38,78,2,phillbr02
Evan Phillips,64,0,64,0,0,0,0,0,0,0,0,0,0,phillev01
Konnor Pilkington,15,11,15,0,0,0,0,0,0,0,0,0,0,pilkiko01
Kevin Pillar,4,4,0,0,0,0,0,0,4,1,0,4,0,pillake01
Manny Piña,5,5,0,5,0,0,0,0,0,0,0,0,0,pinama01
Chad Pinder,111,89,1,0,3,1,9,0,64,0,30,91,12,pindech01
Israel Pineda,4,4,0,4,0,0,0,0,0,0,0,0,0,pinedis01
Michael Pineda,11,11,11,0,0,0,0,0,0,0,0,0,0,pinedmi01
René Pinto,25,23,0,25,0,0,0,0,0,0,0,0,0,pintore02
Stephen Piscotty,42,38,0,0,0,0,0,0,5,0,28,32,8,piscost01
Nick Pivetta,33,33,33,0,0,0,0,0,0,0,0,0,0,pivetni01
Michael Plassmeyer,2,0,2,0,0,0,0,0,0,0,0,0,0,plassmi01
Kevin Plawecki,64,49,1,61,0,0,0,0,0,0,0,0,0,plaweke01
Zach Plesac,25,24,25,0,0,0,0,0,0,0,0,0,0,plesaza01
Nick Plummer,14,8,0,0,0,0,0,0,4,0,5,9,5,plummni01
Colin Poche,65,0,65,0,0,0,0,0,0,0,0,0,0,pocheco01
Jorge Polanco,104,103,0,0,0,97,0,6,0,0,0,0,5,polanjo01
AJ Pollock,138,123,0,0,0,0,0,0,107,37,14,137,0,polloaj01
Zach Pop,36,0,36,0,0,0,0,0,0,0,0,0,0,popza01
Sean Poppen,29,0,29,0,0,0,0,0,0,0,0,0,0,poppese01
Cody Poteet,12,2,12,0,0,0,0,0,0,0,0,0,0,poteeco01
Nick Pratto,49,46,0,0,43,0,0,0,7,0,1,8,0,prattni01
Ryan Pressly,50,0,50,0,0,0,0,0,0,0,0,0,0,pressry01
David Price,40,0,40,0,0,0,0,0,0,0,0,0,0,priceda01
Ford Proctor,7,6,0,1,0,6,0,0,0,0,0,0,0,proctfo01
Jurickson Profar,152,147,0,0,0,0,0,0,146,0,0,146,6,profaju01
Austin Pruitt,39,1,39,0,0,0,0,0,0,0,0,0,0,pruitau01
Albert Pujols,109,80,1,0,22,0,0,0,0,0,0,0,69,pujolal01
A.J. Puk,62,0,62,0,0,0,0,0,0,0,0,0,0,pukaj01
Cal Quantrill,32,32,32,0,0,0,0,0,0,0,0,0,0,quantca01
José Quijada,42,0,42,0,0,0,0,0,0,0,0,0,0,quijajo01
Roman Quinn,44,22,0,0,0,0,0,0,11,28,8,44,0,quinnro01
José Quintana,32,32,32,0,0,0,0,0,0,0,0,0,0,quintjo01
Esteban Quiroz,14,10,0,0,0,12,0,0,0,0,0,0,0,quiroes01
Cole Ragans,9,9,9,0,0,0,0,0,0,0,0,0,0,raganco01
Tanner Rainey,29,0,29,0,0,0,0,0,0,0,0,0,0,raineta01
Cal Raleigh,119,100,0,115,0,0,0,0,0,0,0,0,1,raleica01
Brooks Raley,60,0,60,0,0,0,0,0,0,0,0,0,0,raleybr01
Luke Raley,22,18,0,0,3,0,0,0,7,0,8,14,4,raleylu01
Erasmo Ramírez,60,2,60,0,0,0,0,0,0,0,0,0,0,ramirer02
Harold Ramírez,120,98,0,0,32,0,0,0,5,0,24,29,52,ramirha02
José Ramírez,157,157,0,0,0,0,127,0,0,0,0,0,30,ramirjo01
Noé Ramirez,55,0,55,0,0,0,0,0,0,0,0,0,0,ramirno01
Yohan Ramirez,30,0,30,0,0,0,0,0,0,0,0,0,0,ramiryo01
Heliot Ramos,9,7,0,0,0,0,0,0,3,0,6,8,0,ramoshe02
Drew Rasmussen,28,28,28,0,0,0,0,0,0,0,0,0,0,rasmudr01
Robbie Ray,32,32,32,0,0,0,0,0,0,0,0,0,0,rayro02
J.T. Realmuto,139,132,0,133,3,0,0,0,0,0,0,0,3,realmjt01
Jake Reed,18,0,18,0,0,0,0,0,0,0,0,0,0,reedja02
Rob Refsnyder,57,35,0,0,0,0,0,0,6,17,28,47,7,refsnro01
Sean Reid-Foley,7,0,7,0,0,0,0,0,0,0,0,0,0,reidfse01
Zach Reks,16,7,0,0,0,0,0,0,13,0,3,15,0,reksza01
Anthony Rendon,47,46,0,0,0,0,47,0,0,0,0,0,0,rendoan01
Hunter Renfroe,125,125,0,0,1,0,0,0,0,0,118,118,7,renfrhu01
Luis Rengifo,127,119,0,0,0,99,39,19,1,0,5,5,0,rengilu01
Denyi Reyes,3,1,3,0,0,0,0,0,0,0,0,0,0,reyesde02
Franmil Reyes,118,112,1,0,0,0,0,0,2,0,13,14,100,reyesfr01
Gerardo Reyes,2,0,2,0,0,0,0,0,0,0,0,0,0,reyesge01
Pablo Reyes,6,3,1,0,0,0,2,3,0,0,0,0,0,reyespa01
Victor Reyes,92,79,0,0,0,0,0,0,19,8,63,83,4,reyesvi01
Bryan Reynolds,145,144,0,0,0,0,0,0,1,127,0,128,18,reynobr01
Matt Reynolds,93,67,2,0,13,36,14,23,3,1,11,15,1,reynoma03
Garrett Richards,32,2,32,0,0,0,0,0,0,0,0,0,0,richaga01
Trevor Richards,62,4,62,0,0,0,0,0,0,0,0,0,0,richatr01
JT Riddle,2,1,0,0,0,0,1,0,0,0,0,0,0,riddljt01
Austin Riley,159,158,0,0,1,0,159,0,0,0,0,0,0,rileyau01
Edwin Rios,27,20,0,0,4,0,4,0,0,0,0,0,20,riosed01
Alfonso Rivas,101,73,0,0,92,0,0,0,2,0,1,3,4,rivasal01
Emmanuel Rivera,102,88,0,0,5,0,86,0,0,0,0,0,8,riverem01
Sebastián Rivero,17,7,0,17,0,0,0,0,0,0,0,0,0,riverse01
Anthony Rizzo,130,124,0,0,120,0,0,0,0,0,0,0,9,rizzoan01
Luis Robert Jr.,98,92,0,0,0,0,0,0,0,91,0,91,4,roberlu01
Ethan Roberts,9,0,9,0,0,0,0,0,0,0,0,0,0,roberet01
David Robertson,58,0,58,0,0,0,0,0,0,0,0,0,0,roberda08
Kramer Robertson,2,0,0,0,0,0,0,1,0,0,0,0,1,roberkr01
Chuckie Robinson,25,20,0,25,0,0,0,0,0,0,0,0,0,robinch04
Hansel Robles,26,0,26,0,0,0,0,0,0,0,0,0,0,robleha01
Victor Robles,132,110,0,0,0,0,0,0,0,128,0,128,2,roblevi01
Brendan Rodgers,137,136,0,0,0,135,0,0,0,0,0,0,2,rodgebr02
Carlos Rodón,31,31,31,0,0,0,0,0,0,0,0,0,0,rodonca01
Dereck Rodríguez,2,0,2,0,0,0,0,0,0,0,0,0,0,rodride01
Eduardo Rodriguez,17,17,17,0,0,0,0,0,0,0,0,0,0,rodried05
Elvin Rodriguez,7,5,7,0,0,0,0,0,0,0,0,0,0,rodriel02
Joely Rodríguez,55,0,55,0,0,0,0,0,0,0,0,0,0,rodrijo06
Julio Rodríguez,132,131,0,0,0,0,0,0,0,130,0,130,1,rodriju01
Manuel Rodríguez,14,0,14,0,0,0,0,0,0,0,0,0,0,rodrima01
Yerry Rodríguez,1,0,1,0,0,0,0,0,0,0,0,0,0,rodriye01
Josh Rogers,16,3,16,0,0,0,0,0,0,0,0,0,0,rogerjo01
Taylor Rogers,66,0,66,0,0,0,0,0,0,0,0,0,0,rogerta01
Trevor Rogers,23,23,23,0,0,0,0,0,0,0,0,0,0,rogertr01
Tyler Rogers,68,0,68,0,0,0,0,0,0,0,0,0,0,rogerty01
Jose Rojas,22,14,0,0,0,0,12,0,1,0,6,7,0,rojasjo02
Josh Rojas,125,115,0,0,0,26,90,0,0,0,0,0,5,rojasjo01
Miguel Rojas,140,132,0,0,10,0,0,136,0,0,0,0,0,rojasmi02
Jordan Romano,63,0,63,0,0,0,0,0,0,0,0,0,0,romanjo03
Jhon Romero,4,0,4,0,0,0,0,0,0,0,0,0,0,romerjh01
JoJo Romero,17,0,17,0,0,0,0,0,0,0,0,0,0,romerjo01
Tommy Romero,4,2,4,0,0,0,0,0,0,0,0,0,0,romerto01
Austin Romine,51,39,0,50,0,0,0,0,0,0,0,0,1,rominau01
Sergio Romo,23,0,23,0,0,0,0,0,0,0,0,0,0,romose01
Angel Rondón,1,0,1,0,0,0,0,0,0,0,0,0,0,rondoan01
Brent Rooker,16,9,0,0,0,0,0,0,8,0,1,8,5,rookebr01
Amed Rosario,153,151,0,0,0,0,0,140,6,0,0,6,6,rosaram01
Eddie Rosario,80,67,0,0,0,0,0,0,54,0,15,67,9,rosared01
Eguy Rosario,7,0,0,0,0,0,4,2,0,0,0,0,1,rosareg01
Kenny Rosenberg,3,1,3,0,0,0,0,0,0,0,0,0,0,rosenke01
Bubby Rossman,1,0,1,0,0,0,0,0,0,0,0,0,0,rossmbu01
Michael Rucker,41,0,41,0,0,0,0,0,0,0,0,0,0,ruckemi01
Darin Ruf,119,81,1,0,45,0,0,0,29,0,9,37,36,rufda01
Esteury Ruiz,17,9,0,0,0,0,0,0,7,6,6,17,0,ruizes01
José Ruiz,63,0,63,0,0,0,0,0,0,0,0,0,0,ruizjo01
Keibert Ruiz,112,98,0,106,0,0,0,0,0,0,0,0,1,ruizke01
Norge Ruíz,14,0,14,0,0,0,0,0,0,0,0,0,0,ruizno01
Adley Rutschman,113,107,0,93,0,0,0,0,0,0,0,0,23,rutscad01
Joe Ryan,27,27,27,0,0,0,0,0,0,0,0,0,0,ryanjo04
Hyun Jin Ryu,6,6,6,0,0,0,0,0,0,0,0,0,0,ryuhy01
Connor Sadzeck,2,0,2,0,0,0,0,0,0,0,0,0,0,sadzeco01
Chris Sale,2,2,2,0,0,0,0,0,0,0,0,0,0,salech01
Adrian Sampson,21,19,21,0,0,0,0,0,0,0,0,0,0,sampsad01
Aaron Sanchez,15,10,15,0,0,0,0,0,0,0,0,0,0,sanchaa01
Aníbal Sánchez,14,14,14,0,0,0,0,0,0,0,0,0,0,sanchan01
Cristopher Sánchez,15,3,15,0,0,0,0,0,0,0,0,0,0,sanchcr01
Gary Sánchez,128,112,0,91,1,0,0,0,0,0,0,0,33,sanchga02
Jesús Sánchez,98,86,0,0,0,0,0,0,12,78,1,91,2,sanchje02
Miguel Sánchez,12,0,12,0,0,0,0,0,0,0,0,0,0,sanchmi01
Yolmer Sanchez,17,12,1,0,0,14,2,1,0,0,0,0,0,sanchca01
Phoenix Sanders,8,0,8,0,0,0,0,0,0,0,0,0,0,sandeph01
Nick Sandlin,46,0,46,0,0,0,0,0,0,0,0,0,0,sandlni01
Patrick Sandoval,27,27,27,0,0,0,0,0,0,0,0,0,0,sandopa02
Cole Sands,11,3,11,0,0,0,0,0,0,0,0,0,0,sandsco01
Donny Sands,3,0,0,1,0,0,0,0,0,0,0,0,1,sandsdo01
Reiver Sanmartin,45,4,45,0,0,0,0,0,0,0,0,0,0,sanmare01
Miguel Sanó,20,19,0,0,19,0,0,0,0,0,0,0,2,sanomi01
Carlos Santana,131,121,0,0,76,0,0,0,0,0,1,1,50,santaca01
Dennis Santana,63,1,63,0,0,0,0,0,0,0,0,0,0,santade01
Anthony Santander,152,150,0,0,0,0,0,0,38,0,84,119,34,santaan02
Tony Santillan,21,0,21,0,0,0,0,0,0,0,0,0,0,santito01
Gregory Santos,2,0,2,0,0,0,0,0,0,0,0,0,0,santogr01
Tayler Saucedo,4,0,4,0,0,0,0,0,0,0,0,0,0,sauceta01
Hirokazu Sawamura,49,0,49,0,0,0,0,0,0,0,0,0,0,sawamhi01
Josh Sborz,19,1,19,0,0,0,0,0,0,0,0,0,0,sborzjo01
Max Scherzer,23,23,23,0,0,0,0,0,0,0,0,0,0,scherma01
Clarke Schmidt,29,3,29,0,0,0,0,0,0,0,0,0,0,schmicl01
Jonathan Schoop,131,129,0,0,2,129,0,0,0,0,0,0,1,schoojo01
John Schreiber,64,0,64,0,0,0,0,0,0,0,0,0,0,schrejo01
Max Schrock,13,4,1,0,0,2,0,0,2,0,3,5,1,schroma01
Kyle Schwarber,155,153,0,0,0,0,0,0,139,0,0,139,15,schwaky01
Frank Schwindel,75,69,3,0,48,0,0,0,0,0,0,0,26,schwifr01
Tanner Scott,67,0,67,0,0,0,0,0,0,0,0,0,0,scottta01
Tayler Scott,8,0,8,0,0,0,0,0,0,0,0,0,0,scottta02
Connor Seabold,5,5,5,0,0,0,0,0,0,0,0,0,0,seaboco01
Corey Seager,151,151,0,0,0,0,0,144,0,0,0,0,7,seageco01
JP Sears,17,11,17,0,0,0,0,0,0,0,0,0,0,searsjp01
Cody Sedlock,1,0,1,0,0,0,0,0,0,0,0,0,0,sedloco01
Jean Segura,98,96,0,0,0,97,0,1,0,0,0,0,0,segurje01
Sam Selman,16,0,16,0,0,0,0,0,0,0,0,0,0,selmasa01
Marcus Semien,161,161,0,0,0,148,0,17,0,0,0,0,0,semiema01
Antonio Senzatela,19,19,19,0,0,0,0,0,0,0,0,0,0,senzaan01
Nick Senzel,110,104,0,0,0,1,2,0,0,101,0,101,5,senzeni01
Brian Serven,62,55,1,59,1,0,0,0,0,0,0,0,1,servebr01
Anderson Severino,6,0,6,0,0,0,0,0,0,0,0,0,0,severan01
Luis Severino,19,19,19,0,0,0,0,0,0,0,0,0,0,severlu01
Pedro Severino,8,5,0,4,2,0,0,0,0,0,0,0,2,severpe01
Paul Sewald,65,0,65,0,0,0,0,0,0,0,0,0,0,sewalpa01
Bryan Shaw,60,2,60,0,0,0,0,0,0,0,0,0,0,shawbr01
Travis Shaw,7,5,0,0,3,0,0,0,0,0,0,0,3,shawtr01
Gavin Sheets,124,104,0,0,13,0,0,0,3,0,85,88,15,sheetga01
Jordan Sheffield,2,0,2,0,0,0,0,0,0,0,0,0,0,sheffjo01
Justus Sheffield,6,1,6,0,0,0,0,0,0,0,0,0,0,sheffju01
Zack Short,6,3,0,0,0,2,0,4,0,0,0,0,1,shortza01
Chasen Shreve,25,0,25,0,0,0,0,0,0,0,0,0,0,shrevch01
Michael Siani,9,7,0,0,0,0,0,0,0,9,0,9,0,sianimi01
Magneuris Sierra,45,22,0,0,0,0,0,0,17,28,2,43,0,sierrma01
Chase Silseth,7,7,7,0,0,0,0,0,0,0,0,0,0,silsech01
Andrelton Simmons,35,22,1,0,0,18,0,18,0,0,0,0,2,simmoan01
Lucas Sims,6,0,6,0,0,0,0,0,0,0,0,0,0,simslu01
Brady Singer,27,24,27,0,0,0,0,0,0,0,0,0,0,singebr01
Jose Siri,104,88,0,0,0,0,0,0,2,95,3,100,2,sirijo01
Tarik Skubal,21,21,21,0,0,0,0,0,0,0,0,0,0,skubata01
Austin Slater,125,61,0,0,0,0,0,0,16,106,14,120,2,slateau01
Ethan Small,2,2,2,0,0,0,0,0,0,0,0,0,0,smallet01
Devin Smeltzer,15,12,15,0,0,0,0,0,0,0,0,0,0,smeltde01
Caleb Smith,44,1,44,0,0,0,0,0,0,0,0,0,0,smithca03
Chad Smith,15,0,15,0,0,0,0,0,0,0,0,0,0,smithch12
Dominic Smith,58,34,0,0,37,0,0,0,0,0,0,0,16,smithdo02
Drew Smith,44,0,44,0,0,0,0,0,0,0,0,0,0,smithdr01
Joe Smith,34,0,34,0,0,0,0,0,0,0,0,0,0,smithjo05
Josh H. Smith,73,60,0,0,0,2,36,6,24,0,0,24,6,smithjo11
Kevin Smith,47,41,0,0,0,0,39,10,0,0,0,0,0,smithke05
Pavin Smith,75,66,0,0,10,0,0,0,0,0,43,43,22,smithpa04
Will Smith,65,0,65,0,0,0,0,0,0,0,0,0,0,smithwi04
Will Smith,137,130,0,109,0,0,0,0,0,0,0,0,25,smithwi05
Canaan Smith-Njigba,3,2,0,0,0,0,0,0,2,0,0,2,0,smithca05
Drew Smyly,22,22,22,0,0,0,0,0,0,0,0,0,0,smylydr01
Kirby Snead,46,0,46,0,0,0,0,0,0,0,0,0,0,sneadki01
Blake Snell,25,25,25,0,0,0,0,0,0,0,0,0,0,snellbl01
Collin Snider,42,0,42,0,0,0,0,0,0,0,0,0,0,snideco01
Nicklaus Snyder,2,0,2,0,0,0,0,0,0,0,0,0,0,snydeni01
Nick Solak,35,25,0,0,0,1,0,0,22,0,0,22,11,solakni01
Donovan Solano,80,70,0,0,26,7,16,0,0,0,0,0,26,solando01
Jorge Soler,72,70,0,0,0,0,0,0,57,0,0,57,14,solerjo01
Jared Solomon,9,0,9,0,0,0,0,0,0,0,0,0,0,solomja01
Edmundo Sosa,78,45,0,0,0,1,22,42,2,0,0,2,4,sosaed01
Lenyn Sosa,11,9,0,0,0,6,0,5,0,0,0,0,1,sosale01
Gregory Soto,64,0,64,0,0,0,0,0,0,0,0,0,0,sotogr01
Juan Soto,153,152,0,0,0,0,0,0,0,0,151,151,1,sotoju01
Livan Soto,18,15,0,0,0,0,1,18,0,0,0,0,0,sotoli01
Bennett Sousa,25,0,25,0,0,0,0,0,0,0,0,0,0,sousabe01
Steven Souza Jr.,6,6,0,0,0,0,0,0,0,0,5,5,1,souzast01
Cory Spangenberg,1,0,0,0,0,0,1,0,0,0,0,0,0,spangco01
Gabe Speier,17,1,17,0,0,0,0,0,0,0,0,0,0,speiega01
George Springer,133,126,0,0,0,0,0,0,0,86,26,89,40,springe01
Jeffrey Springs,33,25,33,0,0,0,0,0,0,0,0,0,0,sprinje01
Locke St. John,1,0,1,0,0,0,0,0,0,0,0,0,0,stjohlo01
Jacob Stallings,114,104,0,110,0,0,0,0,0,0,0,0,1,stallja01
Craig Stammen,33,1,33,0,0,0,0,0,0,0,0,0,0,stammcr01
Ryne Stanek,59,0,59,0,0,0,0,0,0,0,0,0,0,stanery01
Giancarlo Stanton,110,103,0,0,0,0,0,0,4,0,34,38,65,stantmi03
Cody Stashak,11,0,11,0,0,0,0,0,0,0,0,0,0,stashco01
Max Stassi,102,93,0,97,0,0,0,0,0,0,0,0,1,stassma01
Josh Staumont,42,0,42,0,0,0,0,0,0,0,0,0,0,staumjo01
Drew Steckenrider,16,0,16,0,0,0,0,0,0,0,0,0,0,steckdr01
Justin Steele,24,24,24,0,0,0,0,0,0,0,0,0,0,steelju01
Spencer Steer,28,27,0,0,9,5,14,0,0,0,0,0,2,steersp01
Michael Stefanic,25,19,0,0,0,22,0,0,0,0,0,0,0,stefami01
Trevor Stephan,66,0,66,0,0,0,0,0,0,0,0,0,0,stephtr01
Jackson Stephens,39,1,39,0,0,0,0,0,0,0,0,0,0,stephja01
Robert Stephenson,58,0,58,0,0,0,0,0,0,0,0,0,0,stephro01
Tyler Stephenson,50,46,0,45,1,0,0,0,0,0,0,0,3,stephty01
Cal Stevenson,23,19,0,0,0,0,0,0,1,22,2,22,0,steveca01
DJ Stewart,3,0,0,0,0,0,0,0,0,0,0,0,0,stewadj01
Trevor Story,94,92,0,0,0,94,0,0,0,0,0,0,0,storytr01
Bryson Stott,127,118,0,0,0,47,2,83,0,0,0,0,0,stottbr01
Eric Stout,20,0,20,0,0,0,0,0,0,0,0,0,0,stouter01
Kyle Stowers,34,24,0,0,0,0,0,0,13,0,12,25,6,stoweky01
Matt Strahm,50,0,50,0,0,0,0,0,0,0,0,0,0,strahma01
Dee Strange-Gordon,23,15,1,0,0,0,0,13,3,4,0,7,1,gordode01
Stephen Strasburg,1,1,1,0,0,0,0,0,0,0,0,0,0,strasst01
Chris Stratton,60,1,60,0,0,0,0,0,0,0,0,0,0,stratch01
Myles Straw,152,144,0,0,0,0,0,0,0,152,0,152,0,strawmy01
Hunter Strickland,66,0,66,0,0,0,0,0,0,0,0,0,0,strichu01
Spencer Strider,31,20,31,0,0,0,0,0,0,0,0,0,0,stridsp01
Ross Stripling,32,24,32,0,0,0,0,0,0,0,0,0,0,stripro01
Marcus Stroman,25,25,25,0,0,0,0,0,0,0,0,0,0,stromma01
Peter Strzelecki,30,0,30,0,0,0,0,0,0,0,0,0,0,strzepe01
Garrett Stubbs,50,32,4,41,0,0,0,0,1,0,0,1,4,stubbga01
Eugenio Suárez,150,147,0,0,0,0,130,0,0,0,0,0,19,suareeu01
José Suarez,22,20,22,0,0,0,0,0,0,0,0,0,0,suarejo01
Ranger Suárez,29,29,29,0,0,0,0,0,0,0,0,0,0,suarera01
Robert Suarez,45,0,45,0,0,0,0,0,0,0,0,0,0,suarero01
Beau Sulser,10,0,10,0,0,0,0,0,0,0,0,0,0,sulsebe01
Cole Sulser,39,0,39,0,0,0,0,0,0,0,0,0,0,sulseco01
Brent Suter,54,0,54,0,0,0,0,0,0,0,0,0,0,suterbr01
Jack Suwinski,106,91,0,0,0,0,0,0,56,19,38,103,1,suwinja01
Kurt Suzuki,51,42,0,44,1,0,0,0,0,0,0,0,2,suzukku01
Seiya Suzuki,111,105,0,0,0,0,0,0,0,0,106,106,1,suzukse01
Travis Swaggerty,5,3,0,0,0,0,0,0,3,1,0,4,1,swaggtr01
Dansby Swanson,162,162,0,0,0,0,0,162,0,0,0,0,0,swansda01
Erik Swanson,57,1,57,0,0,0,0,0,0,0,0,0,0,swanser01
Matt Swarmer,11,5,11,0,0,0,0,0,0,0,0,0,0,swarmma01
Noah Syndergaard,25,24,25,0,0,0,0,0,0,0,0,0,0,syndeno01
Thomas Szapucki,11,1,11,0,0,0,0,0,0,0,0,0,0,szaputh01
Jameson Taillon,32,32,32,0,0,0,0,0,0,0,0,0,0,taillja01
Domingo Tapia,11,0,11,0,0,0,0,0,0,0,0,0,0,tapiado01
Raimel Tapia,128,107,0,0,0,0,0,0,64,38,32,124,2,tapiara01
Freddy Tarnok,1,0,1,0,0,0,0,0,0,0,0,0,0,tarnofr01
Dillon Tate,67,0,67,0,0,0,0,0,0,0,0,0,0,tatedi01
Leody Taveras,99,87,0,0,0,0,0,0,0,93,0,93,3,taverle01
Blake Taylor,19,0,19,0,0,0,0,0,0,0,0,0,0,taylobl01
Chris Taylor,118,110,0,0,0,22,3,1,80,10,10,95,5,tayloch03
Michael A. Taylor,124,115,1,0,0,0,0,0,0,123,0,123,1,taylomi02
Tyrone Taylor,120,103,0,0,0,0,0,0,20,84,23,117,1,tayloty01
Rowdy Tellez,153,135,0,0,139,0,0,0,0,0,0,0,9,tellero01
Ryan Tepera,59,0,59,0,0,0,0,0,0,0,0,0,0,teperry01
Jackson Tetreault,4,4,4,0,0,0,0,0,0,0,0,0,0,tetreja01
Matt Thaiss,29,19,0,14,11,0,3,0,0,0,0,0,0,thaisma01
Caleb Thielbar,67,0,67,0,0,0,0,0,0,0,0,0,0,thielca01
Alek Thomas,113,102,0,0,0,0,0,0,0,112,0,112,0,thomaal01
Cody Thomas,10,9,0,0,0,0,0,0,10,0,0,10,0,thomaco01
Dillon Thomas,8,3,0,0,0,0,0,0,5,0,5,7,0,thomadi01
Lane Thomas,146,125,0,0,0,0,0,0,73,56,43,142,2,thomala02
Bubba Thompson,55,51,0,0,0,0,0,0,35,9,10,52,1,thompbu01
Keegan Thompson,29,17,29,0,0,0,0,0,0,0,0,0,0,thompke02
Mason Thompson,24,0,24,0,0,0,0,0,0,0,0,0,0,thompma02
Ryan Thompson,47,0,47,0,0,0,0,0,0,0,0,0,0,thompry02
Trayce Thompson,80,58,0,0,0,0,0,0,36,18,29,78,4,thomptr01
Zach Thompson,29,22,29,0,0,0,0,0,0,0,0,0,0,thompza01
Zack Thompson,22,1,22,0,0,0,0,0,0,0,0,0,0,thompza02
Tyler Thornburg,14,0,14,0,0,0,0,0,0,0,0,0,0,thornty01
Trent Thornton,32,0,32,0,0,0,0,0,0,0,0,0,0,thorntr01
Jesus Tinoco,17,2,17,0,0,0,0,0,0,0,0,0,0,tinocje01
Michael Toglia,31,30,0,0,15,0,0,0,0,0,17,17,0,toglimi01
Ka'ai Tom,1,0,0,0,0,0,0,0,0,0,1,1,0,tomka01
Justin Topa,7,0,7,0,0,0,0,0,0,0,0,0,0,topaju01
Spencer Torkelson,110,105,0,0,109,0,0,0,0,0,0,0,0,torkesp01
Abraham Toro,109,82,0,0,1,55,31,0,0,0,1,1,22,toroab01
Luis Torrens,57,44,2,42,0,2,0,0,0,0,0,0,9,torrelu01
Gleyber Torres,140,131,0,0,0,124,0,6,0,0,0,0,9,torregl01
Touki Toussaint,8,2,8,0,0,0,0,0,0,0,0,0,0,toussto01
Ezequiel Tovar,9,9,0,0,0,0,0,9,0,0,0,0,0,tovarez01
Taylor Trammell,43,35,0,0,0,0,0,0,3,7,34,41,2,trammta01
Blake Treinen,5,0,5,0,0,0,0,0,0,0,0,0,0,treinbl01
Alan Trejo,35,31,0,0,0,13,2,20,0,0,0,0,0,trejoal01
Jose Trevino,115,90,0,112,0,0,0,0,0,0,0,0,1,trevijo01
Lou Trivino,64,0,64,0,0,0,0,0,0,0,0,0,0,trivilo01
Chadwick Tromp,1,1,0,1,0,0,0,0,0,0,0,0,0,trompch01
Mike Trout,119,117,0,0,0,0,0,0,0,111,0,111,7,troutmi01
Yoshi Tsutsugo,50,49,0,0,35,0,0,0,0,0,0,0,15,tsutsyo01
Cole Tucker,18,16,0,0,0,6,0,3,0,0,12,12,0,tuckeco01
Kyle Tucker,150,148,0,0,0,0,0,0,0,0,147,147,3,tuckeky01
Tanner Tully,3,0,3,0,0,0,0,0,0,0,0,0,0,tullyta01
Justin Turner,128,127,0,0,0,0,66,0,0,0,0,0,62,turneju01
Trea Turner,160,160,0,0,0,0,0,160,0,0,0,0,0,turnetr01
Kyle Tyler,2,0,2,0,0,0,0,0,0,0,0,0,0,tylerky01
Edwin Uceta,10,0,10,0,0,0,0,0,0,0,0,0,0,ucetaed01
Erich Uelmen,25,0,25,0,0,0,0,0,0,0,0,0,0,uelmeer01
Duane Underwood Jr.,51,1,51,0,0,0,0,0,0,0,0,0,0,underdu01
Justin Upton,17,15,0,0,0,0,0,0,2,0,4,6,11,uptonju01
José Ureña,21,17,21,0,0,0,0,0,0,0,0,0,0,urenajo01
Julio Urías,31,31,31,0,0,0,0,0,0,0,0,0,0,uriasju01
Luis Urías,119,109,0,0,0,46,73,24,0,0,0,0,0,uriaslu01
Ramón Urías,118,109,0,0,0,21,98,8,0,0,0,0,2,uriasra01
José Urquidy,29,28,29,0,0,0,0,0,0,0,0,0,0,urquijo01
Gio Urshela,144,135,0,0,0,0,136,2,0,0,0,0,4,urshegi01
César Valdez,1,0,1,0,0,0,0,0,0,0,0,0,0,valdece01
Framber Valdez,31,31,31,0,0,0,0,0,0,0,0,0,0,valdefr01
Phillips Valdez,13,0,13,0,0,0,0,0,0,0,0,0,0,valdeph01
Josh VanMeter,67,51,3,1,21,39,2,0,0,0,1,1,2,vanmejo01
Ildemaro Vargas,63,57,1,0,0,4,43,15,0,0,0,0,0,vargail01
Miguel Vargas,18,11,0,0,8,0,1,0,7,0,0,7,5,vargami01
Louie Varland,5,5,5,0,0,0,0,0,0,0,0,0,0,varlalo01
Daulton Varsho,151,136,0,31,0,0,0,0,0,54,71,114,15,varshda01
Andrew Vasquez,10,0,10,0,0,0,0,0,0,0,0,0,0,vasquan02
Andrew Vaughn,134,130,0,0,23,2,0,0,44,0,45,84,29,vaughan01
Terrin Vavra,40,27,0,0,0,15,0,0,11,0,1,12,8,vavrate01
Christian Vázquez,119,102,0,108,9,1,0,0,0,0,0,0,1,vazquch01
Vince Velasquez,27,9,27,0,0,0,0,0,0,0,0,0,0,velasvi01
Andrew Velazquez,125,100,0,0,0,0,0,124,0,0,0,0,0,velazan01
Nelson Velázquez,77,47,0,0,0,0,0,0,14,32,23,67,6,velazne01
Alex Verdugo,152,150,0,0,0,0,0,0,102,0,52,150,2,verdual01
Drew VerHagen,19,0,19,0,0,0,0,0,0,0,0,0,0,verhadr01
Justin Verlander,28,28,28,0,0,0,0,0,0,0,0,0,0,verlaju01
Alex Vesia,63,0,63,0,0,0,0,0,0,0,0,0,0,vesiaal01
Nick Vespi,25,0,25,0,0,0,0,0,0,0,0,0,0,vespini01
Will Vest,59,1,59,0,0,0,0,0,0,0,0,0,0,vestwi01
Cam Vieaux,8,0,8,0,0,0,0,0,0,0,0,0,0,vieauca01
Mark Vientos,16,7,0,0,0,0,2,0,0,0,0,0,12,vientma01
Matt Vierling,117,90,0,0,2,4,5,0,30,61,37,106,1,vierlma01
David Villar,52,47,0,0,11,6,27,0,0,0,0,0,10,villada01
Jonathan Villar,59,52,0,0,0,29,28,2,0,0,0,0,1,villajo01
Meibrys Viloria,26,19,0,20,0,0,0,0,0,0,0,0,4,vilorme01
Arodys Vizcaíno,7,0,7,0,0,0,0,0,0,0,0,0,0,vizcaar01
Daniel Vogelbach,130,111,0,0,5,0,0,0,0,0,0,0,117,vogelda01
Stephen Vogt,70,45,0,19,17,0,0,0,0,0,0,0,29,vogtst01
Luke Voit,135,132,0,0,37,0,0,0,0,0,0,0,96,voitlu01
Jason Vosler,36,29,0,0,2,1,29,1,3,0,1,4,0,vosleja01
Austin Voth,41,17,41,0,0,0,0,0,0,0,0,0,0,vothau01
Joey Votto,91,90,0,0,76,0,0,0,0,0,0,0,14,vottojo01
Michael Wacha,23,23,23,0,0,0,0,0,0,0,0,0,0,wachami01
LaMonte Wade Jr.,77,62,0,0,22,0,0,0,19,1,33,45,12,wadela01
Tyler Wade,67,48,0,0,0,31,12,19,7,2,5,14,1,wadety01
Adam Wainwright,32,32,32,0,0,0,0,0,0,0,0,0,0,wainwad01
Cole Waites,7,0,7,0,0,0,0,0,0,0,0,0,0,waiteco01
Ken Waldichuk,7,7,7,0,0,0,0,0,0,0,0,0,0,waldike01
Christian Walker,160,157,0,0,150,0,0,0,0,0,0,0,11,walkech02
Steele Walker,5,4,0,0,0,0,0,0,4,0,1,5,0,walkest01
Taijuan Walker,29,29,29,0,0,0,0,0,0,0,0,0,0,walketa01
Chad Wallach,12,10,0,12,0,0,0,0,0,0,0,0,0,wallach01
Matt Wallner,18,17,0,0,0,0,0,0,0,0,16,16,1,wallnma01
Taylor Walls,142,122,0,0,0,35,25,92,0,0,0,0,2,wallsta01
Jake Walsh,3,0,3,0,0,0,0,0,0,0,0,0,0,walshja02
Jared Walsh,118,106,0,0,118,0,0,0,2,0,0,2,0,walshja01
Nash Walters,1,0,1,0,0,0,0,0,0,0,0,0,0,waltena01
Donovan Walton,25,20,1,0,0,14,1,12,0,0,0,0,0,waltodo01
Andrew Wantz,42,1,42,0,0,0,0,0,0,0,0,0,0,wantzan01
Taylor Ward,135,130,0,0,0,0,2,0,2,7,125,132,2,wardta01
Art Warren,39,0,39,0,0,0,0,0,0,0,0,0,0,warrear01
Austin Warren,14,0,14,0,0,0,0,0,0,0,0,0,0,warreau01
Drew Waters,32,28,0,0,0,0,0,0,4,12,17,31,1,waterdr01
Spenser Watkins,23,20,23,0,0,0,0,0,0,0,0,0,0,watkisp01
Ryan Weathers,1,1,1,0,0,0,0,0,0,0,0,0,0,weathry01
Luke Weaver,27,1,26,0,0,0,0,0,0,0,0,0,1,weavelu01
Logan Webb,32,32,32,0,0,0,0,0,0,0,0,0,0,webblo01
Ryan Weber,5,0,5,0,0,0,0,0,0,0,0,0,0,weberry01
Jordan Weems,32,0,32,0,0,0,0,0,0,0,0,0,0,weemsjo01
Zack Weiss,12,0,12,0,0,0,0,0,0,0,0,0,0,weissza01
Greg Weissert,12,0,12,0,0,0,0,0,0,0,0,0,0,weissgr01
Alex Wells,2,0,2,0,0,0,0,0,0,0,0,0,0,wellsal01
Tyler Wells,23,23,23,0,0,0,0,0,0,0,0,0,0,wellsty01
J.B. Wendelken,29,0,29,0,0,0,0,0,0,0,0,0,0,wendejb01
Joey Wendle,101,85,0,0,0,33,43,34,0,0,0,0,1,wendljo01
Joey Wentz,7,7,7,0,0,0,0,0,0,0,0,0,0,wentzjo01
Hayden Wesneski,6,4,6,0,0,0,0,0,0,0,0,0,0,wesneha01
Zack Wheeler,26,26,26,0,0,0,0,0,0,0,0,0,0,wheelza01
Eli White,47,35,0,0,0,0,0,0,21,22,1,42,1,whiteel04
Mitch White,25,18,25,0,0,0,0,0,0,0,0,0,0,whitemi03
Aaron Whitefield,5,2,0,0,0,0,0,0,1,2,3,5,0,whiteaa01
Kodi Whitley,14,0,14,0,0,0,0,0,0,0,0,0,0,whitlko01
Garrett Whitlock,31,9,31,0,0,0,0,0,0,0,0,0,0,whitlga01
Rowan Wick,64,0,64,0,0,0,0,0,0,0,0,0,0,wickro01
Taylor Widener,14,0,14,0,0,0,0,0,0,0,0,0,0,widenta01
Collin Wiles,4,0,4,0,0,0,0,0,0,0,0,0,0,wilesco01
Devin Williams,65,0,65,0,0,0,0,0,0,0,0,0,0,willide03
Luke Williams,79,36,0,0,1,14,31,0,26,0,0,26,6,willilu01
Trevor Williams,30,9,30,0,0,0,0,0,0,0,0,0,0,willitr01
Bryse Wilson,25,20,25,0,0,0,0,0,0,0,0,0,0,wilsobr02
Justin Wilson,5,0,5,0,0,0,0,0,0,0,0,0,0,wilsoju10
Marcus Wilson,3,1,0,0,0,0,0,0,0,1,2,2,1,wilsoma02
Steven Wilson,50,1,50,0,0,0,0,0,0,0,0,0,0,wilsost02
Josh Winckowski,15,14,15,0,0,0,0,0,0,0,0,0,0,winckjo01
Josh Winder,15,11,15,0,0,0,0,0,0,0,0,0,0,windejo01
Jesse Winker,136,128,0,0,0,0,0,0,118,0,0,118,18,winkeje01
Patrick Wisdom,134,127,0,0,18,0,105,0,5,2,7,14,3,wisdopa01
Matt Wisler,39,5,39,0,0,0,0,0,0,0,0,0,0,wislema01
Bobby Witt,150,148,0,0,0,0,55,98,0,0,0,0,2,wittbo02
Nick Wittgren,29,0,29,0,0,0,0,0,0,0,0,0,0,wittgni01
Tony Wolters,2,1,0,1,0,1,0,0,0,0,0,0,1,wolteto01
Connor Wong,27,17,0,20,0,2,1,0,0,0,0,0,1,wongco01
Kolten Wong,134,115,0,0,0,131,0,1,0,0,0,0,1,wongko01
Alex Wood,26,26,26,0,0,0,0,0,0,0,0,0,0,woodal02
Jake Woodford,27,1,27,0,0,0,0,0,0,0,0,0,0,woodfja01
Brandon Woodruff,27,27,27,0,0,0,0,0,0,0,0,0,0,woodrbr01
Simeon Woods Richardson,1,1,1,0,0,0,0,0,0,0,0,0,0,woodssi01
William Woods,2,0,2,0,0,0,0,0,0,0,0,0,0,woodswi02
Kyle Wright,30,30,30,0,0,0,0,0,0,0,0,0,0,wrighky01
Austin Wynns,66,48,2,57,0,0,0,0,0,0,0,0,5,wynnsau01
Jimmy Yacabonis,14,1,14,0,0,0,0,0,0,0,0,0,0,yacabji01
Miguel Yajure,12,1,12,0,0,0,0,0,0,0,0,0,0,yajurmi01
Ryan Yarbrough,20,9,20,0,0,0,0,0,0,0,0,0,0,yarbrry01
Mike Yastrzemski,148,126,0,0,0,0,0,0,0,93,104,144,1,yastrmi01
Kirby Yates,9,0,9,0,0,0,0,0,0,0,0,0,0,yateski01
Christian Yelich,154,149,0,0,0,0,0,0,115,0,0,115,36,yelicch01
Juan Yepez,76,65,0,0,15,0,6,0,23,0,17,40,19,yepezju01
Huascar Ynoa,2,2,2,0,0,0,0,0,0,0,0,0,0,ynoahu01
Alex Young,25,1,25,0,0,0,0,0,0,0,0,0,0,youngal01
Danny Young,3,0,3,0,0,0,0,0,0,0,0,0,0,youngda02
Jared Young,6,5,0,0,2,0,0,0,0,0,1,1,3,youngja02
Aneurys Zabala,2,0,2,0,0,0,0,0,0,0,0,0,0,zabalan01
Rob Zastryzny,6,0,6,0,0,0,0,0,0,0,0,0,0,zastrro01
Seby Zavala,61,49,0,58,2,0,0,0,0,0,0,0,2,zavalse01
Angel Zerpa,3,2,3,0,0,0,0,0,0,0,0,0,0,zerpaan01
T.J. Zeuch,3,3,3,0,0,0,0,0,0,0,0,0,0,zeuchtj01
Bradley Zimmer,109,28,0,0,0,0,0,0,0,97,2,99,2,zimmebr01
Bruce Zimmermann,15,13,15,0,0,0,0,0,0,0,0,0,0,zimmebr02
Mike Zunino,36,34,0,35,0,0,0,0,0,0,0,0,0,zuninmi01